file_name,video,cluster,review_score,pca_x,pca_y
vid_000162_frame0000001.jpg,vid_000162,7,0.5962498197575682,16.235240936279297,2.5904312133789062
vid_000444_frame0000108.jpg,vid_000444,7,0.5935143022239867,20.74327850341797,-2.0858912467956543
vid_000444_frame0000031.jpg,vid_000444,7,0.5897978782410783,17.999784469604492,-0.15588070452213287
vid_000162_frame0000003.jpg,vid_000162,7,0.5865829485519696,16.18012237548828,2.064209461212158
vid_000055_frame0000005.jpg,vid_000055,3,0.5836684610043092,22.109466552734375,3.8376903533935547
vid_000315_frame0000021.jpg,vid_000315,5,0.5717907533171043,11.520880699157715,-3.8907837867736816
vid_000551_frame0000121.jpg,vid_000551,7,0.5706900803656383,11.785393714904785,-4.632147312164307
vid_000440_frame0000114.jpg,vid_000440,7,0.5658244539779295,17.783039093017578,9.969076156616211
vid_000551_frame0000123.jpg,vid_000551,7,0.5648685977687204,9.875664710998535,-4.765026092529297
vid_000437_frame0000031.jpg,vid_000437,7,0.5645353396692696,14.633017539978027,13.681802749633789
vid_000437_frame0000034.jpg,vid_000437,7,0.5630703563451479,17.60140609741211,13.887866020202637
vid_000432_frame0000019.jpg,vid_000432,7,0.5605492324010531,17.25563621520996,4.968403339385986
vid_000443_frame0000069.jpg,vid_000443,7,0.5595961522267142,11.882296562194824,-2.3132894039154053
vid_000443_frame0000084.jpg,vid_000443,7,0.5591763040925265,12.581305503845215,-1.2354611158370972
vid_000315_frame0000020.jpg,vid_000315,5,0.5589227699296623,9.724583625793457,-2.188596725463867
vid_000441_frame0000009.jpg,vid_000441,7,0.5573819989325993,15.089461326599121,3.4852402210235596
vid_000443_frame0000003.jpg,vid_000443,7,0.5570852072862666,12.695405960083008,-1.3595082759857178
vid_000319_frame0000039.jpg,vid_000319,7,0.5548647462055857,11.269403457641602,4.0130414962768555
vid_000143_frame0000066.jpg,vid_000143,3,0.5548509178689297,30.48284912109375,-3.9390058517456055
vid_000555_frame0000020.jpg,vid_000555,5,0.5526444914235664,13.18005084991455,-2.909109354019165
vid_000444_frame0000009.jpg,vid_000444,7,0.5489790825390514,16.599536895751953,-2.443732500076294
vid_000443_frame0000001.jpg,vid_000443,7,0.5489702858317912,10.633011817932129,-2.6106479167938232
vid_000063_frame0000021.jpg,vid_000063,1,0.5483381679379559,16.12133026123047,-6.00547456741333
vid_000443_frame0000010.jpg,vid_000443,7,0.5480485924115653,13.562294006347656,2.0838353633880615
vid_000055_frame0000020.jpg,vid_000055,3,0.5474845536737755,21.435447692871094,-0.3064025640487671
vid_000055_frame0000025.jpg,vid_000055,3,0.5459368188574201,22.0885066986084,2.114900588989258
vid_000055_frame0000030.jpg,vid_000055,3,0.5457800413324835,22.507780075073242,0.48230108618736267
vid_000319_frame0000031.jpg,vid_000319,7,0.5456789386579063,11.614099502563477,4.122394561767578
vid_000442_frame0000027.jpg,vid_000442,7,0.5447649821608115,13.896886825561523,1.869189739227295
vid_000319_frame0000030.jpg,vid_000319,7,0.5438458874838296,11.290176391601562,4.515336036682129
vid_000315_frame0000027.jpg,vid_000315,5,0.5425078307672551,7.2032036781311035,-4.115554332733154
vid_000143_frame0000059.jpg,vid_000143,3,0.5402908169196027,28.03286361694336,-4.298861503601074
vid_000142_frame0000012.jpg,vid_000142,5,0.5398569951709371,14.27066421508789,-7.429164409637451
vid_000444_frame0000052.jpg,vid_000444,7,0.5397712399417892,15.754766464233398,-3.6865334510803223
vid_000421_frame0000031.jpg,vid_000421,7,0.5388749065801699,13.687141418457031,1.3424265384674072
vid_000432_frame0000023.jpg,vid_000432,7,0.5386344103937867,12.29655933380127,5.395050048828125
vid_000555_frame0000034.jpg,vid_000555,7,0.538260495800682,16.038829803466797,-3.284985303878784
vid_000552_frame0000107.jpg,vid_000552,3,0.5369012422674713,15.64111042022705,0.1495811492204666
vid_000333_frame0000018.jpg,vid_000333,3,0.5364380623808255,17.290864944458008,1.5560917854309082
vid_000440_frame0000063.jpg,vid_000440,7,0.5357468653729225,24.374975204467773,4.319238662719727
vid_000142_frame0000026.jpg,vid_000142,5,0.5356823049495995,15.496164321899414,-7.3226752281188965
vid_000343_frame0000046.jpg,vid_000343,7,0.5350327587746304,13.651094436645508,-2.031982421875
vid_000116_frame0000066.jpg,vid_000116,5,0.5335832098223641,10.8255615234375,-3.852252244949341
vid_000142_frame0000023.jpg,vid_000142,5,0.5334523414586085,17.700550079345703,-7.281993865966797
vid_000247_frame0000016.jpg,vid_000247,5,0.5311255816320866,14.41077995300293,-2.467125654220581
vid_000555_frame0000019.jpg,vid_000555,5,0.530628591715896,13.264874458312988,-0.36936086416244507
vid_000116_frame0000041.jpg,vid_000116,5,0.529553973207426,8.713770866394043,-3.317387342453003
vid_000436_frame0000021.jpg,vid_000436,7,0.5290659761837369,14.566125869750977,10.75343132019043
vid_000440_frame0000049.jpg,vid_000440,7,0.5282650576452029,17.89425277709961,4.122447490692139
vid_000316_frame0000031.jpg,vid_000316,1,0.5278443774283054,11.729484558105469,-6.73685359954834
vid_000316_frame0000017.jpg,vid_000316,1,0.5264785375120355,12.348549842834473,-5.952855110168457
vid_000316_frame0000015.jpg,vid_000316,1,0.5261808182180382,10.713972091674805,-6.559042453765869
vid_000423_frame0000009.jpg,vid_000423,5,0.5256501757688709,6.454257488250732,-2.199678421020508
vid_000433_frame0000027.jpg,vid_000433,7,0.5255726578998177,12.002033233642578,-6.2626118659973145
vid_000286_frame0000014.jpg,vid_000286,4,0.5253200201894529,8.626419067382812,11.203217506408691
vid_000138_frame0000016.jpg,vid_000138,3,0.5248192870797543,12.92932415008545,-3.2868778705596924
vid_000551_frame0000103.jpg,vid_000551,7,0.5246286660996119,14.479459762573242,-1.9009308815002441
vid_000315_frame0000018.jpg,vid_000315,5,0.5245295330256936,9.288957595825195,-2.310863494873047
vid_000333_frame0000013.jpg,vid_000333,3,0.5238466470998091,24.098325729370117,-1.3983575105667114
vid_000316_frame0000018.jpg,vid_000316,1,0.523170279742586,11.776628494262695,-7.735871315002441
vid_000138_frame0000017.jpg,vid_000138,3,0.5225326386474011,12.110236167907715,-2.821213960647583
vid_000145_frame0000068.jpg,vid_000145,3,0.5224780409672759,18.40070915222168,-1.3926994800567627
vid_000116_frame0000010.jpg,vid_000116,5,0.5224045868974315,6.253479480743408,-2.767852783203125
vid_000142_frame0000019.jpg,vid_000142,5,0.5221732555984872,14.612845420837402,-7.183526039123535
vid_000319_frame0000028.jpg,vid_000319,7,0.5209171966866948,8.559222221374512,4.230789661407471
vid_000552_frame0000108.jpg,vid_000552,3,0.5204355478706955,14.727170944213867,-0.23818336427211761
vid_000053_frame0000014.jpg,vid_000053,1,0.5199030319269322,11.80354118347168,-4.7344584465026855
vid_000333_frame0000019.jpg,vid_000333,3,0.5197214005556657,16.678659439086914,1.6472173929214478
vid_000053_frame0000003.jpg,vid_000053,1,0.5195745166370562,11.95428466796875,-4.738098621368408
vid_000209_frame0000011.jpg,vid_000209,1,0.5189662841102708,11.760662078857422,-0.12171608209609985
vid_000116_frame0000034.jpg,vid_000116,5,0.5180832046178628,6.838584899902344,-2.1334478855133057
vid_000316_frame0000019.jpg,vid_000316,1,0.5177771518312193,11.924934387207031,-7.091188907623291
vid_000539_frame0000062.jpg,vid_000539,5,0.5177353026282253,9.437851905822754,0.9151157140731812
vid_000551_frame0000095.jpg,vid_000551,7,0.5176829335769331,13.806807518005371,-2.921020984649658
vid_000421_frame0000003.jpg,vid_000421,7,0.517460055683044,10.677682876586914,1.3283934593200684
vid_000055_frame0000080.jpg,vid_000055,3,0.5173931446443236,18.149518966674805,0.04352429136633873
vid_000053_frame0000002.jpg,vid_000053,1,0.5173786163942296,12.51929759979248,-4.579586982727051
vid_000422_frame0000004.jpg,vid_000422,7,0.5170754175637069,18.91300392150879,4.698069095611572
vid_000552_frame0000112.jpg,vid_000552,3,0.5164251421409163,15.191121101379395,1.4390556812286377
vid_000053_frame0000015.jpg,vid_000053,1,0.5163594092260159,11.379676818847656,-5.145748138427734
vid_000053_frame0000004.jpg,vid_000053,1,0.5157284488768944,11.624893188476562,-5.124945640563965
vid_000142_frame0000030.jpg,vid_000142,5,0.5152439151517176,13.387048721313477,-7.093174457550049
vid_000138_frame0000015.jpg,vid_000138,3,0.5150677299186573,11.297000885009766,-2.510733127593994
vid_000319_frame0000021.jpg,vid_000319,5,0.5149666794796371,8.171926498413086,4.585439682006836
vid_000143_frame0000055.jpg,vid_000143,3,0.5149054650914354,27.737869262695312,-4.467429161071777
vid_000105_frame0000012.jpg,vid_000105,1,0.5143141433361255,10.486988067626953,0.6400162577629089
vid_000333_frame0000014.jpg,vid_000333,3,0.5138506754547209,21.157405853271484,-2.004807710647583
vid_000116_frame0000042.jpg,vid_000116,5,0.5138182001600389,8.261285781860352,-2.4295237064361572
vid_000053_frame0000001.jpg,vid_000053,1,0.5132376615162179,12.533963203430176,-4.6845855712890625
vid_000116_frame0000033.jpg,vid_000116,5,0.5128847424265699,9.082585334777832,-0.9314696788787842
vid_000143_frame0000001.jpg,vid_000143,3,0.5127741271992201,19.28704261779785,-4.818248271942139
vid_000293_frame0000007.jpg,vid_000293,3,0.5126080862352957,13.28394603729248,3.610417127609253
vid_000333_frame0000050.jpg,vid_000333,3,0.5122820001301983,19.850290298461914,-0.5275917053222656
vid_000436_frame0000012.jpg,vid_000436,7,0.5122564703221969,12.3386869430542,10.729101181030273
vid_000053_frame0000018.jpg,vid_000053,1,0.5122355653303386,11.293549537658691,-5.532525062561035
vid_000142_frame0000034.jpg,vid_000142,5,0.5118089969346266,12.53741455078125,-8.090198516845703
vid_000143_frame0000032.jpg,vid_000143,3,0.5117503643584571,13.582571983337402,-5.575939178466797
vid_000555_frame0000032.jpg,vid_000555,5,0.5110483339970081,11.176434516906738,-2.862224578857422
vid_000440_frame0000068.jpg,vid_000440,3,0.509731489879405,19.579238891601562,3.210207939147949
vid_000250_frame0000006.jpg,vid_000250,7,0.509608883601849,12.95566177368164,12.845697402954102
vid_000145_frame0000022.jpg,vid_000145,3,0.509496232030865,12.518487930297852,-1.9380974769592285
vid_000333_frame0000002.jpg,vid_000333,3,0.5094252391499033,13.420110702514648,3.2774412631988525
vid_000053_frame0000035.jpg,vid_000053,1,0.5092231566772596,11.18409538269043,-4.572239875793457
vid_000555_frame0000018.jpg,vid_000555,5,0.5091350391926146,9.962620735168457,0.03295917063951492
vid_000555_frame0000035.jpg,vid_000555,5,0.5090000440219512,9.764551162719727,-5.296921253204346
vid_000053_frame0000013.jpg,vid_000053,1,0.5087495385032832,11.165339469909668,-4.821385860443115
vid_000116_frame0000030.jpg,vid_000116,5,0.5084859847013947,7.521041393280029,-3.781820297241211
vid_000443_frame0000005.jpg,vid_000443,7,0.5083829872196908,10.25299072265625,1.256546139717102
vid_000286_frame0000015.jpg,vid_000286,4,0.5080921859912348,9.362728118896484,11.539827346801758
vid_000555_frame0000041.jpg,vid_000555,5,0.5079981904728353,16.86473846435547,-6.02050256729126
vid_000319_frame0000023.jpg,vid_000319,5,0.5076949822183127,7.381243705749512,1.9002559185028076
vid_000209_frame0000010.jpg,vid_000209,1,0.5074826730190412,10.15562629699707,-0.4597211182117462
vid_000441_frame0000006.jpg,vid_000441,7,0.5064835390589837,11.674221992492676,2.8959226608276367
vid_000316_frame0000012.jpg,vid_000316,1,0.506404090905573,9.098905563354492,-6.1420063972473145
vid_000440_frame0000059.jpg,vid_000440,7,0.5062089674259831,14.166929244995117,2.919325828552246
vid_000430_frame0000009.jpg,vid_000430,7,0.5055600801680225,12.656070709228516,7.0823235511779785
vid_000421_frame0000010.jpg,vid_000421,7,0.5052509278064851,12.670613288879395,1.4756473302841187
vid_000423_frame0000018.jpg,vid_000423,5,0.5051588473910942,6.2612504959106445,-1.9973641633987427
vid_000290_frame0000015.jpg,vid_000290,4,0.5047145638880576,6.870697498321533,8.963480949401855
vid_000151_frame0000007.jpg,vid_000151,5,0.5045423696397116,9.78020191192627,-8.274223327636719
vid_000436_frame0000018.jpg,vid_000436,7,0.5044270275271644,13.562500953674316,12.458502769470215
vid_000055_frame0000049.jpg,vid_000055,3,0.5040869524204689,19.775569915771484,-0.4499509334564209
vid_000116_frame0000032.jpg,vid_000116,5,0.503675880044302,9.978230476379395,-2.1437554359436035
vid_000433_frame0000015.jpg,vid_000433,7,0.5034870486594779,9.160221099853516,-6.4788103103637695
vid_000250_frame0000007.jpg,vid_000250,4,0.5033426548958608,4.019931793212891,11.805023193359375
vid_000531_frame0000049.jpg,vid_000531,3,0.5032936628762447,21.3169002532959,-2.0343210697174072
vid_000053_frame0000016.jpg,vid_000053,1,0.5030053488713533,9.917770385742188,-4.75580358505249
vid_000138_frame0000013.jpg,vid_000138,3,0.5022116771499023,12.85384464263916,-2.7288520336151123
vid_000055_frame0000045.jpg,vid_000055,3,0.5020997764959844,20.439300537109375,-1.3562134504318237
vid_000104_frame0000021.jpg,vid_000104,7,0.5020691075263257,14.232717514038086,-2.2961981296539307
vid_000138_frame0000014.jpg,vid_000138,3,0.5020257291190859,12.186881065368652,-3.4295315742492676
vid_000053_frame0000017.jpg,vid_000053,1,0.501677148417313,11.82693862915039,-4.526754856109619
vid_000531_frame0000013.jpg,vid_000531,1,0.5016275905847636,13.772250175476074,-6.438128471374512
vid_000553_frame0000019.jpg,vid_000553,1,0.5015717454121631,13.827376365661621,-4.606202125549316
vid_000555_frame0000025.jpg,vid_000555,5,0.5013062878110089,10.235343933105469,-0.35360434651374817
vid_000250_frame0000075.jpg,vid_000250,4,0.5010880333516935,4.068216323852539,8.69443130493164
vid_000105_frame0000033.jpg,vid_000105,1,0.50106727557327,13.713295936584473,3.0344481468200684
vid_000552_frame0000098.jpg,vid_000552,3,0.5007085910859027,12.162182807922363,1.1369575262069702
vid_000446_frame0000007.jpg,vid_000446,1,0.4996377929233526,12.962327003479004,-1.696201205253601
vid_000145_frame0000026.jpg,vid_000145,3,0.49957167164272104,12.05435848236084,-2.646271228790283
vid_000333_frame0000020.jpg,vid_000333,3,0.4995149483099775,15.076849937438965,-0.2680127024650574
vid_000122_frame0000081.jpg,vid_000122,3,0.4994756305073852,20.74380111694336,-1.7157979011535645
vid_000145_frame0000018.jpg,vid_000145,3,0.4989146627520503,19.74652862548828,-2.5452001094818115
vid_000552_frame0000114.jpg,vid_000552,3,0.4984991193668216,13.34819221496582,-0.3441428542137146
vid_000138_frame0000028.jpg,vid_000138,3,0.49814093135811716,11.77356243133545,-3.2647931575775146
vid_000539_frame0000063.jpg,vid_000539,5,0.49793723900238174,9.488892555236816,1.3753365278244019
vid_000433_frame0000018.jpg,vid_000433,7,0.49791557643545553,10.951740264892578,-4.848829746246338
vid_000552_frame0000109.jpg,vid_000552,3,0.49705607171200894,11.161603927612305,0.45724576711654663
vid_000139_frame0000010.jpg,vid_000139,5,0.49685468191746807,12.101715087890625,-5.840319633483887
vid_000116_frame0000046.jpg,vid_000116,5,0.4968038750295382,6.002652168273926,-2.8033640384674072
vid_000432_frame0000009.jpg,vid_000432,3,0.4966520747022648,17.166658401489258,7.974142074584961
vid_000113_frame0000019.jpg,vid_000113,2,0.49659379432662293,-0.021887680515646935,-0.5357486009597778
vid_000286_frame0000009.jpg,vid_000286,4,0.4965596704020906,9.610587120056152,11.693297386169434
vid_000553_frame0000011.jpg,vid_000553,5,0.49565783585658446,3.938600540161133,-6.805896282196045
vid_000142_frame0000005.jpg,vid_000142,5,0.4953660441280469,7.3811845779418945,-7.131360054016113
vid_000145_frame0000035.jpg,vid_000145,3,0.4952741010729454,17.491146087646484,-1.162279486656189
vid_000436_frame0000017.jpg,vid_000436,7,0.4948699556836292,10.889242172241211,11.331226348876953
vid_000151_frame0000001.jpg,vid_000151,5,0.4943491293997712,10.060799598693848,-7.873706817626953
vid_000367_frame0000013.jpg,vid_000367,3,0.4940944898677319,14.537678718566895,-1.7419822216033936
vid_000105_frame0000039.jpg,vid_000105,1,0.4940777407160392,9.639354705810547,-1.9262324571609497
vid_000539_frame0000060.jpg,vid_000539,5,0.4940704333366903,9.495464324951172,1.9835413694381714
vid_000105_frame0000013.jpg,vid_000105,1,0.4937807958228176,11.100396156311035,1.573387861251831
vid_000423_frame0000008.jpg,vid_000423,5,0.4937520579741623,6.307921409606934,-0.8013483881950378
vid_000333_frame0000004.jpg,vid_000333,3,0.49365157650334823,12.939335823059082,2.2144222259521484
vid_000386_frame0000021.jpg,vid_000386,3,0.49312756332375346,16.405845642089844,-2.0517256259918213
vid_000250_frame0000011.jpg,vid_000250,4,0.4928909801127102,3.5813822746276855,11.088675498962402
vid_000286_frame0000017.jpg,vid_000286,4,0.49278160811432026,8.670886993408203,10.965189933776855
vid_000151_frame0000009.jpg,vid_000151,5,0.4924394939132604,10.602518081665039,-8.243441581726074
vid_000286_frame0000005.jpg,vid_000286,4,0.4920780167784934,6.851574897766113,9.741130828857422
vid_000115_frame0000018.jpg,vid_000115,6,0.4919747379388346,10.630143165588379,-7.986660957336426
vid_000315_frame0000016.jpg,vid_000315,5,0.49186756545002,12.668848991394043,-6.398612976074219
vid_000116_frame0000013.jpg,vid_000116,5,0.49185031302652216,5.6912689208984375,-1.7199316024780273
vid_000105_frame0000037.jpg,vid_000105,1,0.4915888650097422,12.131723403930664,3.545173406600952
vid_000290_frame0000004.jpg,vid_000290,4,0.49140377507716876,7.816033840179443,9.032702445983887
vid_000443_frame0000039.jpg,vid_000443,7,0.49116427174260235,15.011655807495117,-1.1426347494125366
vid_000105_frame0000010.jpg,vid_000105,1,0.4906686602506161,9.768796920776367,-1.2098424434661865
vid_000116_frame0000015.jpg,vid_000116,5,0.4898825487500336,4.7892327308654785,-2.617201328277588
vid_000333_frame0000021.jpg,vid_000333,3,0.48984273087255154,17.671146392822266,0.6175754070281982
vid_000113_frame0000018.jpg,vid_000113,2,0.4893313152181199,-0.6162794828414917,-1.074212670326233
vid_000094_frame0000027.jpg,vid_000094,3,0.488948390620367,21.403697967529297,-1.2720052003860474
vid_000443_frame0000089.jpg,vid_000443,7,0.4888919483178147,16.230215072631836,-1.9096561670303345
vid_000501_frame0000001.jpg,vid_000501,3,0.48880767800526886,19.215341567993164,-5.713657379150391
vid_000151_frame0000010.jpg,vid_000151,5,0.4884712437151501,9.38015365600586,-8.374921798706055
vid_000442_frame0000039.jpg,vid_000442,7,0.4881878250140856,11.518516540527344,2.444042205810547
vid_000116_frame0000021.jpg,vid_000116,5,0.48810726999067877,5.140063762664795,-2.941756248474121
vid_000550_frame0000003.jpg,vid_000550,5,0.48809141753039725,11.853872299194336,-4.508388519287109
vid_000531_frame0000020.jpg,vid_000531,1,0.48782157254346753,16.21553611755371,-6.379670143127441
vid_000315_frame0000015.jpg,vid_000315,5,0.48765243847428746,8.369011878967285,-4.8479108810424805
vid_000143_frame0000043.jpg,vid_000143,3,0.48762579322838107,23.33515739440918,-3.0421948432922363
vid_000209_frame0000003.jpg,vid_000209,1,0.4875702171111208,11.22945785522461,-0.5805812478065491
vid_000317_frame0000060.jpg,vid_000317,5,0.4871083191018702,9.144378662109375,-8.880717277526855
vid_000105_frame0000027.jpg,vid_000105,1,0.48707181899101437,12.105466842651367,2.5943055152893066
vid_000286_frame0000019.jpg,vid_000286,4,0.48701188286657005,7.147140026092529,11.593076705932617
vid_000145_frame0000001.jpg,vid_000145,3,0.48696675720449684,16.40239715576172,-3.2577178478240967
vid_000319_frame0000025.jpg,vid_000319,5,0.4869458694687803,5.561697483062744,5.007437229156494
vid_000433_frame0000016.jpg,vid_000433,7,0.48658083010806197,11.000336647033691,-3.837446928024292
vid_000143_frame0000051.jpg,vid_000143,3,0.4854045764010907,24.41830825805664,-6.674378871917725
vid_000553_frame0000014.jpg,vid_000553,1,0.48537684187501884,7.856692790985107,-7.9877824783325195
vid_000141_frame0000014.jpg,vid_000141,3,0.48437731591201505,15.676248550415039,-6.340346336364746
vid_000552_frame0000113.jpg,vid_000552,3,0.48434174330291674,11.648017883300781,0.05082808807492256
vid_000074_frame0000037.jpg,vid_000074,5,0.48402939905540515,10.814787864685059,-0.8664311170578003
vid_000074_frame0000051.jpg,vid_000074,3,0.483915612644212,16.030765533447266,2.4192538261413574
vid_000440_frame0000073.jpg,vid_000440,1,0.4838795354607139,17.800907135009766,1.1820971965789795
vid_000367_frame0000016.jpg,vid_000367,3,0.48384022491089407,13.79491138458252,-1.6793376207351685
vid_000054_frame0000002.jpg,vid_000054,1,0.48372791804251175,15.417523384094238,-4.360884189605713
vid_000116_frame0000006.jpg,vid_000116,5,0.4835210580689368,4.216966152191162,-0.7676436305046082
vid_000054_frame0000004.jpg,vid_000054,1,0.4832603350193193,13.715336799621582,-3.319526433944702
vid_000424_frame0000009.jpg,vid_000424,4,0.48288545470832667,4.728020668029785,13.18853759765625
vid_000286_frame0000006.jpg,vid_000286,4,0.4827308231467459,4.960760593414307,9.89907455444336
vid_000145_frame0000064.jpg,vid_000145,3,0.4827175424060218,18.611616134643555,-2.5004866123199463
vid_000141_frame0000008.jpg,vid_000141,5,0.4822388775926919,5.404712200164795,-11.221345901489258
vid_000151_frame0000003.jpg,vid_000151,5,0.48203326864446205,9.344406127929688,-8.432244300842285
vid_000433_frame0000005.jpg,vid_000433,5,0.4817917044286095,4.542105674743652,-7.4523773193359375
vid_000442_frame0000005.jpg,vid_000442,7,0.48172825248604856,8.510502815246582,3.267673969268799
vid_000063_frame0000040.jpg,vid_000063,1,0.48081903138745186,11.68203067779541,-6.56624174118042
vid_000501_frame0000004.jpg,vid_000501,3,0.4806459646291334,18.425933837890625,-3.0848374366760254
vid_000209_frame0000013.jpg,vid_000209,1,0.4804493457851004,10.444318771362305,-3.035412549972534
vid_000433_frame0000003.jpg,vid_000433,5,0.48021677774250593,7.083402633666992,-7.234595775604248
vid_000432_frame0000012.jpg,vid_000432,3,0.48001447863946234,17.71710777282715,7.891541481018066
vid_000440_frame0000028.jpg,vid_000440,7,0.47997996326576114,10.06319808959961,8.248363494873047
vid_000432_frame0000011.jpg,vid_000432,3,0.47960021042169,17.787609100341797,6.751486301422119
vid_000141_frame0000009.jpg,vid_000141,5,0.47889590960713774,5.262942790985107,-10.974115371704102
vid_000209_frame0000001.jpg,vid_000209,1,0.4786548531311082,9.741569519042969,-3.143174409866333
vid_000141_frame0000001.jpg,vid_000141,5,0.47788467164967885,3.696829080581665,-9.805334091186523
vid_000440_frame0000121.jpg,vid_000440,5,0.4776761681245821,7.886546611785889,4.879281520843506
vid_000145_frame0000030.jpg,vid_000145,3,0.4774341744916153,18.503061294555664,-3.427561044692993
vid_000550_frame0000001.jpg,vid_000550,5,0.4773235671682444,10.185208320617676,-6.249400615692139
vid_000151_frame0000023.jpg,vid_000151,3,0.4771745438010306,12.154870986938477,-4.12744140625
vid_000074_frame0000049.jpg,vid_000074,3,0.47701062433504016,16.640851974487305,1.72597074508667
vid_000143_frame0000005.jpg,vid_000143,3,0.4768429889597122,15.933660507202148,-5.797882556915283
vid_000539_frame0000055.jpg,vid_000539,5,0.47665586400376986,8.198420524597168,1.9569416046142578
vid_000281_frame0000031.jpg,vid_000281,4,0.47655302589413495,5.910027027130127,12.208303451538086
vid_000553_frame0000017.jpg,vid_000553,1,0.4765073538283724,6.867711544036865,-3.795379400253296
vid_000531_frame0000026.jpg,vid_000531,1,0.4762059971099419,17.023231506347656,-8.130374908447266
vid_000143_frame0000070.jpg,vid_000143,3,0.47598919342126483,29.818511962890625,-2.8455941677093506
vid_000103_frame0000007.jpg,vid_000103,1,0.4756788029910702,11.68603515625,-4.018052577972412
vid_000442_frame0000003.jpg,vid_000442,7,0.475534234256241,15.399352073669434,3.3903181552886963
vid_000552_frame0000104.jpg,vid_000552,5,0.47518728391815324,7.8766560554504395,-1.2591252326965332
vid_000433_frame0000009.jpg,vid_000433,5,0.4751414020027714,4.0232672691345215,-6.429173469543457
vid_000055_frame0000055.jpg,vid_000055,3,0.47513510485279514,17.609060287475586,-1.5684620141983032
vid_000142_frame0000037.jpg,vid_000142,5,0.4749986604151001,12.769636154174805,-4.479254245758057
vid_000082_frame0000007.jpg,vid_000082,5,0.4745642783594799,6.447494983673096,0.24045684933662415
vid_000251_frame0000035.jpg,vid_000251,4,0.4743848416831899,2.9559485912323,11.673264503479004
vid_000367_frame0000022.jpg,vid_000367,3,0.47407168945648753,13.18305778503418,-0.8102013468742371
vid_000103_frame0000008.jpg,vid_000103,1,0.47396859274319575,12.866272926330566,-2.664821147918701
vid_000201_frame0000001.jpg,vid_000201,7,0.47380283499501674,12.086365699768066,8.1705322265625
vid_000332_frame0000001.jpg,vid_000332,3,0.47362464256550135,14.56576156616211,1.0686405897140503
vid_000433_frame0000006.jpg,vid_000433,5,0.47348227673716253,6.773449420928955,-7.484363079071045
vid_000290_frame0000003.jpg,vid_000290,4,0.4734805149763973,6.888553619384766,8.405909538269043
vid_000551_frame0000062.jpg,vid_000551,5,0.4734370869150911,5.372885704040527,-6.0943098068237305
vid_000113_frame0000016.jpg,vid_000113,2,0.4732771066461155,-2.0291454792022705,-4.6765971183776855
vid_000421_frame0000005.jpg,vid_000421,7,0.47326911688352935,8.3734130859375,1.2190428972244263
vid_000251_frame0000033.jpg,vid_000251,4,0.47319812677493456,3.1771419048309326,11.147210121154785
vid_000316_frame0000032.jpg,vid_000316,1,0.4730238485820616,7.9936981201171875,-5.828336715698242
vid_000292_frame0000013.jpg,vid_000292,4,0.47295369332069753,5.998725891113281,6.45823335647583
vid_000333_frame0000009.jpg,vid_000333,3,0.47271205565529245,14.14712142944336,1.7370452880859375
vid_000281_frame0000023.jpg,vid_000281,4,0.47248998872754755,6.006719589233398,11.930633544921875
vid_000089_frame0000001.jpg,vid_000089,1,0.47235743323306345,11.883099555969238,-3.0363028049468994
vid_000145_frame0000052.jpg,vid_000145,3,0.47229706347637873,15.614465713500977,-3.2980892658233643
vid_000430_frame0000018.jpg,vid_000430,7,0.4722331856176967,12.469677925109863,6.214885234832764
vid_000292_frame0000012.jpg,vid_000292,4,0.4720956561659624,5.282496452331543,6.5170111656188965
vid_000143_frame0000016.jpg,vid_000143,3,0.4720179989867496,13.55643367767334,-6.934220790863037
vid_000317_frame0000058.jpg,vid_000317,5,0.4718409495085584,7.344395160675049,-7.27961540222168
vid_000273_frame0000003.jpg,vid_000273,3,0.47178158849092217,17.767427444458008,8.625612258911133
vid_000436_frame0000015.jpg,vid_000436,7,0.4715301861665075,7.965846061706543,9.914772987365723
vid_000531_frame0000007.jpg,vid_000531,3,0.47147954839212286,18.90614128112793,-7.678024768829346
vid_000073_frame0000063.jpg,vid_000073,5,0.47138918314151096,5.491561412811279,-1.0867440700531006
vid_000145_frame0000077.jpg,vid_000145,3,0.4713763267234241,13.089093208312988,0.5226590037345886
vid_000539_frame0000065.jpg,vid_000539,5,0.4713060039686555,5.960097312927246,1.3043724298477173
vid_000531_frame0000005.jpg,vid_000531,1,0.47127843230834915,19.77003288269043,-6.491578578948975
vid_000338_frame0000021.jpg,vid_000338,5,0.4710151138553101,1.663467526435852,-1.893938660621643
vid_000251_frame0000030.jpg,vid_000251,4,0.47055167033018475,5.135858058929443,11.825606346130371
vid_000094_frame0000036.jpg,vid_000094,3,0.4705191757430921,18.525392532348633,-5.153946399688721
vid_000113_frame0000022.jpg,vid_000113,2,0.47045180266278197,-2.6769893169403076,-3.903822183609009
vid_000138_frame0000011.jpg,vid_000138,3,0.47040432957502887,9.474632263183594,-3.612352132797241
vid_000208_frame0000015.jpg,vid_000208,4,0.47026147487215525,5.247739315032959,9.223015785217285
vid_000253_frame0000012.jpg,vid_000253,2,0.469996227385353,5.857907772064209,2.4867208003997803
vid_000140_frame0000013.jpg,vid_000140,6,0.4699025053900799,4.69105863571167,-2.6484856605529785
vid_000251_frame0000028.jpg,vid_000251,4,0.4697941632275169,5.767216205596924,12.524121284484863
vid_000433_frame0000011.jpg,vid_000433,5,0.46949697555151265,3.161590814590454,-6.6431193351745605
vid_000214_frame0000019.jpg,vid_000214,3,0.4693607691600538,11.081574440002441,12.458970069885254
vid_000262_frame0000006.jpg,vid_000262,4,0.46913527805386807,5.395593166351318,5.706132411956787
vid_000201_frame0000014.jpg,vid_000201,4,0.4690649214999609,2.399768352508545,4.30188512802124
vid_000095_frame0000019.jpg,vid_000095,3,0.4689847008817429,10.35201358795166,-2.463456392288208
vid_000122_frame0000087.jpg,vid_000122,3,0.46875416937854814,16.287296295166016,-2.8355250358581543
vid_000436_frame0000022.jpg,vid_000436,7,0.4686170289683519,10.597835540771484,10.07226848602295
vid_000553_frame0000027.jpg,vid_000553,1,0.46839248466505023,7.776912212371826,-5.560591697692871
vid_000074_frame0000045.jpg,vid_000074,5,0.4682338389206655,8.663122177124023,-0.7903265953063965
vid_000315_frame0000026.jpg,vid_000315,5,0.46805637474573153,8.241252899169922,-5.005784034729004
vid_000063_frame0000026.jpg,vid_000063,1,0.4678748729732465,9.388357162475586,-4.754846096038818
vid_000531_frame0000052.jpg,vid_000531,3,0.4677769250724561,11.271381378173828,-0.4409638047218323
vid_000552_frame0000100.jpg,vid_000552,5,0.4677157788326989,10.350313186645508,0.2369592934846878
vid_000201_frame0000007.jpg,vid_000201,4,0.4676674692136983,7.452950477600098,4.410549640655518
vid_000143_frame0000047.jpg,vid_000143,3,0.46732556387404334,23.313501358032227,-5.365520000457764
vid_000531_frame0000034.jpg,vid_000531,3,0.46667625225448894,11.881807327270508,-2.6267287731170654
vid_000151_frame0000029.jpg,vid_000151,5,0.4663796100462395,6.999131202697754,-7.848961353302002
vid_000553_frame0000015.jpg,vid_000553,1,0.46629723303020537,8.810653686523438,-4.480154037475586
vid_000421_frame0000001.jpg,vid_000421,2,0.46625179180461074,5.1040873527526855,1.0004481077194214
vid_000095_frame0000012.jpg,vid_000095,3,0.4657667519375181,10.797831535339355,-3.147972822189331
vid_000074_frame0000053.jpg,vid_000074,3,0.4656030731306912,15.134696006774902,2.6883046627044678
vid_000442_frame0000002.jpg,vid_000442,7,0.4654549245205918,15.078266143798828,4.183538913726807
vid_000095_frame0000021.jpg,vid_000095,3,0.4654025191034044,10.842341423034668,-3.4274866580963135
vid_000251_frame0000022.jpg,vid_000251,4,0.4648542623839129,4.799744129180908,11.140491485595703
vid_000286_frame0000023.jpg,vid_000286,4,0.4646565683581582,4.876282215118408,10.389931678771973
vid_000555_frame0000026.jpg,vid_000555,5,0.46424647705033534,7.715785026550293,0.07869461923837662
vid_000367_frame0000008.jpg,vid_000367,3,0.4641378081436214,12.95778751373291,-1.5683674812316895
vid_000553_frame0000009.jpg,vid_000553,5,0.4638806981649099,3.663771390914917,-5.674778461456299
vid_000276_frame0000015.jpg,vid_000276,4,0.46368464302942497,5.206183433532715,9.458958625793457
vid_000551_frame0000064.jpg,vid_000551,5,0.46367479637563497,3.6458637714385986,-7.994369983673096
vid_000113_frame0000009.jpg,vid_000113,2,0.4636307778398718,4.252896785736084,-0.12059471011161804
vid_000242_frame0000015.jpg,vid_000242,5,0.46344653672819547,2.842022657394409,-1.9836817979812622
vid_000433_frame0000007.jpg,vid_000433,5,0.463180191680906,2.088651418685913,-7.383914947509766
vid_000151_frame0000004.jpg,vid_000151,5,0.46313177814538864,7.657724380493164,-7.470577239990234
vid_000531_frame0000036.jpg,vid_000531,3,0.4631161674881945,16.92952537536621,0.5143803954124451
vid_000273_frame0000016.jpg,vid_000273,3,0.4630965224105873,17.754056930541992,6.025893211364746
vid_000317_frame0000028.jpg,vid_000317,5,0.46301299654159705,7.818951606750488,-6.051910877227783
vid_000262_frame0000007.jpg,vid_000262,4,0.46259226928950364,0.740511953830719,5.39926290512085
vid_000550_frame0000005.jpg,vid_000550,5,0.46229439568493425,7.137329578399658,-3.1321310997009277
vid_000104_frame0000014.jpg,vid_000104,5,0.46227188042484657,5.013033866882324,-3.91984486579895
vid_000423_frame0000007.jpg,vid_000423,2,0.46222554315707287,1.5540251731872559,-4.859349727630615
vid_000268_frame0000017.jpg,vid_000268,2,0.4618370091880039,4.5832366943359375,0.020129557698965073
vid_000281_frame0000021.jpg,vid_000281,4,0.4618253540225178,3.987492084503174,10.496485710144043
vid_000531_frame0000010.jpg,vid_000531,1,0.46164001135295374,12.069133758544922,-6.484433174133301
vid_000367_frame0000023.jpg,vid_000367,1,0.4611932429006381,7.783531665802002,-2.692082405090332
vid_000266_frame0000015.jpg,vid_000266,2,0.46111862051763447,1.13631272315979,-3.5103378295898438
vid_000140_frame0000039.jpg,vid_000140,6,0.4610027847489236,6.01330041885376,-7.573112487792969
vid_000235_frame0000143.jpg,vid_000235,5,0.4609228419723013,9.016558647155762,1.075013279914856
vid_000140_frame0000017.jpg,vid_000140,6,0.4609066213151177,4.767914772033691,-3.3827552795410156
vid_000142_frame0000107.jpg,vid_000142,5,0.46090547321049385,7.60012149810791,-4.526401519775391
vid_000209_frame0000015.jpg,vid_000209,1,0.4608995899267085,9.682719230651855,-2.296977996826172
vid_000104_frame0000031.jpg,vid_000104,3,0.46089570145954545,14.424825668334961,-2.8543388843536377
vid_000142_frame0000119.jpg,vid_000142,2,0.46034412535705305,-0.9234732985496521,-3.9787144660949707
vid_000449_frame0000017.jpg,vid_000449,5,0.4603036339875718,2.0095763206481934,0.733931839466095
vid_000208_frame0000014.jpg,vid_000208,4,0.4601702268850874,4.360761642456055,9.936971664428711
vid_000151_frame0000014.jpg,vid_000151,6,0.4601056841846796,4.580873012542725,-4.916248798370361
vid_000140_frame0000015.jpg,vid_000140,6,0.46001633736880454,4.1700944900512695,-3.237088918685913
vid_000268_frame0000018.jpg,vid_000268,2,0.45964658491919164,4.663124084472656,0.0002303639193996787
vid_000324_frame0000025.jpg,vid_000324,3,0.45957307138307113,17.84159278869629,1.1616696119308472
vid_000539_frame0000049.jpg,vid_000539,5,0.45947372248273277,3.48006272315979,1.3888835906982422
vid_000214_frame0000001.jpg,vid_000214,3,0.459381755021028,10.106209754943848,11.642013549804688
vid_000316_frame0000033.jpg,vid_000316,5,0.45923560859870804,1.779873251914978,-4.017289161682129
vid_000553_frame0000034.jpg,vid_000553,5,0.4590873808203586,3.296186923980713,-6.620920181274414
vid_000214_frame0000016.jpg,vid_000214,3,0.4590019568583706,10.054520606994629,11.63443660736084
vid_000253_frame0000011.jpg,vid_000253,2,0.45897144925671257,6.150022983551025,0.616303026676178
vid_000251_frame0000020.jpg,vid_000251,4,0.458970437287093,3.688363552093506,11.462421417236328
vid_000440_frame0000093.jpg,vid_000440,5,0.45895160919547395,4.342519760131836,4.621042251586914
vid_000555_frame0000039.jpg,vid_000555,5,0.458699051413302,10.097454071044922,-6.051227569580078
vid_000333_frame0000008.jpg,vid_000333,3,0.45822724595790365,15.073063850402832,1.96891450881958
vid_000142_frame0000008.jpg,vid_000142,5,0.4582225502184199,11.55488109588623,-5.471652507781982
vid_000074_frame0000030.jpg,vid_000074,5,0.45793490511549334,10.14303207397461,-0.8214580416679382
vid_000214_frame0000003.jpg,vid_000214,3,0.4578336655243824,9.95523452758789,12.565345764160156
vid_000142_frame0000115.jpg,vid_000142,2,0.4578156853545546,-1.6449604034423828,-4.1979289054870605
vid_000247_frame0000012.jpg,vid_000247,5,0.4577621927675416,6.824314594268799,-1.911444067955017
vid_000103_frame0000005.jpg,vid_000103,1,0.45767333327909476,5.733964443206787,-1.9790886640548706
vid_000094_frame0000041.jpg,vid_000094,5,0.4575532533928597,13.16873550415039,-2.271024465560913
vid_000290_frame0000002.jpg,vid_000290,4,0.45737615744542154,3.062847852706909,7.541351795196533
vid_000141_frame0000012.jpg,vid_000141,5,0.4572494240584415,9.050674438476562,-12.287154197692871
vid_000251_frame0000024.jpg,vid_000251,4,0.4570072039543385,4.100922107696533,11.1260404586792
vid_000287_frame0000004.jpg,vid_000287,4,0.45687068334024905,2.2161943912506104,6.890493869781494
vid_000442_frame0000015.jpg,vid_000442,7,0.4565458517229091,3.025847911834717,0.5881603956222534
vid_000120_frame0000012.jpg,vid_000120,6,0.4565266523833937,8.860512733459473,-6.5363945960998535
vid_000157_frame0000004.jpg,vid_000157,6,0.45648139386915465,-0.816646933555603,-3.3270931243896484
vid_000141_frame0000013.jpg,vid_000141,3,0.45618902744620177,12.777449607849121,-6.784581661224365
vid_000037_frame0000019.jpg,vid_000037,1,0.4561200473902124,7.458242893218994,-6.004913330078125
vid_000089_frame0000016.jpg,vid_000089,1,0.4558376007180267,10.239239692687988,-2.9192328453063965
vid_000214_frame0000008.jpg,vid_000214,3,0.45575923081634284,9.138394355773926,11.405190467834473
vid_000120_frame0000013.jpg,vid_000120,6,0.4555832072306549,10.437142372131348,-5.743510723114014
vid_000141_frame0000004.jpg,vid_000141,5,0.4555387562812092,3.9123735427856445,-10.197782516479492
vid_000447_frame0000010.jpg,vid_000447,1,0.45544272853131407,5.400598526000977,-5.17536735534668
vid_000201_frame0000006.jpg,vid_000201,4,0.45540932171192006,6.831502914428711,4.576591491699219
vid_000054_frame0000018.jpg,vid_000054,1,0.45532496851442644,10.335683822631836,-0.912345826625824
vid_000089_frame0000010.jpg,vid_000089,1,0.45526937590979466,10.683290481567383,-2.9507226943969727
vid_000104_frame0000028.jpg,vid_000104,3,0.45521365748364323,14.97722053527832,-2.7315220832824707
vid_000140_frame0000019.jpg,vid_000140,6,0.45508313519718024,3.2666056156158447,-3.781092405319214
vid_000113_frame0000024.jpg,vid_000113,2,0.45501371436641586,-3.5512020587921143,-4.442956447601318
vid_000103_frame0000018.jpg,vid_000103,5,0.4548817157205328,7.518250942230225,-0.5754263401031494
vid_000276_frame0000012.jpg,vid_000276,4,0.4547524216282675,5.622550964355469,9.251556396484375
vid_000550_frame0000004.jpg,vid_000550,5,0.454731524882722,6.613043308258057,-4.577025413513184
vid_000115_frame0000010.jpg,vid_000115,5,0.4544140482747594,9.984288215637207,-6.32525110244751
vid_000290_frame0000013.jpg,vid_000290,4,0.45425454837127194,6.032540798187256,6.0404372215271
vid_000367_frame0000040.jpg,vid_000367,1,0.45413795055815503,6.918268203735352,-4.886667728424072
vid_000201_frame0000004.jpg,vid_000201,4,0.45392844682616196,6.450348854064941,5.479946136474609
vid_000262_frame0000010.jpg,vid_000262,5,0.45370184289732557,8.293001174926758,3.4336764812469482
vid_000104_frame0000003.jpg,vid_000104,2,0.453581644911793,1.9060691595077515,-5.763331890106201
vid_000140_frame0000025.jpg,vid_000140,6,0.4534376561263921,4.043092727661133,-3.5671448707580566
vid_000286_frame0000022.jpg,vid_000286,4,0.45341521664930634,4.658011436462402,9.540994644165039
vid_000252_frame0000016.jpg,vid_000252,6,0.4531646512760163,3.7044405937194824,-6.643566131591797
vid_000036_frame0000048.jpg,vid_000036,5,0.4527838179080247,8.59885311126709,-1.2822470664978027
vid_000113_frame0000013.jpg,vid_000113,1,0.4522576089350728,3.749084949493408,-2.265824556350708
vid_000151_frame0000020.jpg,vid_000151,3,0.4519887564824341,10.85761547088623,-3.7754054069519043
vid_000214_frame0000004.jpg,vid_000214,3,0.45196655749082554,9.49437427520752,10.83780288696289
vid_000201_frame0000003.jpg,vid_000201,4,0.45178241528257296,9.973875045776367,7.170677661895752
vid_000250_frame0000071.jpg,vid_000250,4,0.4517684780357655,1.790252685546875,8.824572563171387
vid_000103_frame0000009.jpg,vid_000103,1,0.4516750430330166,9.292614936828613,-3.567566394805908
vid_000214_frame0000020.jpg,vid_000214,3,0.45165480479589726,10.690375328063965,11.541009902954102
vid_000074_frame0000026.jpg,vid_000074,3,0.4515930772735299,10.618391990661621,0.5305651426315308
vid_000074_frame0000039.jpg,vid_000074,5,0.4515548638130547,7.659596920013428,-1.0255810022354126
vid_000105_frame0000020.jpg,vid_000105,1,0.4515446269172279,8.964083671569824,1.4454607963562012
vid_000157_frame0000014.jpg,vid_000157,6,0.4514621324709364,1.2458558082580566,-4.831618309020996
vid_000104_frame0000033.jpg,vid_000104,3,0.45145011729590084,14.926961898803711,-3.019213914871216
vid_000214_frame0000018.jpg,vid_000214,3,0.45143040477999963,9.844252586364746,11.263426780700684
vid_000063_frame0000015.jpg,vid_000063,1,0.451351373829877,4.78845739364624,-4.40098237991333
vid_000250_frame0000004.jpg,vid_000250,4,0.4512671775715425,8.254082679748535,8.599870681762695
vid_000104_frame0000030.jpg,vid_000104,3,0.45117530469635714,14.13356876373291,-2.7696237564086914
vid_000151_frame0000015.jpg,vid_000151,6,0.45093454676244477,6.284246444702148,-5.75030517578125
vid_000073_frame0000055.jpg,vid_000073,5,0.4508909104034491,2.5547776222229004,-1.0197815895080566
vid_000555_frame0000037.jpg,vid_000555,5,0.45048236884201615,11.293999671936035,-5.380582809448242
vid_000317_frame0000051.jpg,vid_000317,5,0.4504702048860296,3.7510087490081787,-4.691042423248291
vid_000208_frame0000016.jpg,vid_000208,4,0.45020649728531276,2.415583848953247,7.726746082305908
vid_000367_frame0000002.jpg,vid_000367,1,0.4501386023676227,10.615904808044434,-0.45428723096847534
vid_000120_frame0000008.jpg,vid_000120,5,0.4501385426363663,7.509448051452637,-5.853376388549805
vid_000201_frame0000011.jpg,vid_000201,3,0.44974968862032033,10.739788055419922,7.304718494415283
vid_000074_frame0000047.jpg,vid_000074,5,0.44958223985749446,10.485061645507812,-0.8914710283279419
vid_000438_frame0000023.jpg,vid_000438,4,0.44940743248395476,10.503331184387207,11.057550430297852
vid_000109_frame0000033.jpg,vid_000109,3,0.44930290561150305,9.22145938873291,6.04870080947876
vid_000252_frame0000015.jpg,vid_000252,6,0.4492440170491301,4.810611724853516,-6.387889385223389
vid_000281_frame0000033.jpg,vid_000281,4,0.44907360282722447,3.9201364517211914,9.86083698272705
vid_000109_frame0000010.jpg,vid_000109,3,0.4488848734317606,5.957491397857666,6.696346282958984
vid_000436_frame0000009.jpg,vid_000436,4,0.4486798705188477,4.280299663543701,6.333961009979248
vid_000105_frame0000017.jpg,vid_000105,1,0.44850740940974543,8.412482261657715,0.7895585894584656
vid_000265_frame0000020.jpg,vid_000265,4,0.4484400338777289,7.911774635314941,7.470107555389404
vid_000109_frame0000007.jpg,vid_000109,3,0.4483684427438696,7.041297435760498,6.6533637046813965
vid_000037_frame0000015.jpg,vid_000037,1,0.4483351424339544,6.8720245361328125,-3.4918506145477295
vid_000144_frame0000001.jpg,vid_000144,5,0.4482408737174132,9.537932395935059,-4.929299354553223
vid_000315_frame0000008.jpg,vid_000315,2,0.448165856776096,-0.8272978663444519,1.5272259712219238
vid_000250_frame0000070.jpg,vid_000250,4,0.44812388700454336,2.874262571334839,10.361647605895996
vid_000539_frame0000058.jpg,vid_000539,5,0.4481032124016738,6.573282241821289,-0.6095758676528931
vid_000501_frame0000011.jpg,vid_000501,3,0.4479689175977783,16.328006744384766,-2.873535394668579
vid_000240_frame0000043.jpg,vid_000240,2,0.4479517627247855,-0.5434684753417969,-4.7135186195373535
vid_000103_frame0000006.jpg,vid_000103,1,0.447762276496421,4.548515319824219,-3.7451107501983643
vid_000214_frame0000011.jpg,vid_000214,3,0.44776165094080567,9.895051956176758,10.794322967529297
vid_000113_frame0000011.jpg,vid_000113,2,0.44766329982471287,3.3201851844787598,-3.2412381172180176
vid_000208_frame0000012.jpg,vid_000208,4,0.4474661324385017,3.34173321723938,9.1683988571167
vid_000113_frame0000014.jpg,vid_000113,2,0.4474394846806245,-3.951481819152832,-5.499505519866943
vid_000334_frame0000013.jpg,vid_000334,5,0.44743332299853167,3.141350746154785,-2.8855535984039307
vid_000292_frame0000006.jpg,vid_000292,4,0.4471079381329645,5.9008307456970215,8.922830581665039
vid_000162_frame0000020.jpg,vid_000162,5,0.44706808973748774,2.9876859188079834,-6.50623083114624
vid_000036_frame0000052.jpg,vid_000036,5,0.44682360073417204,4.873177528381348,-3.2213635444641113
vid_000239_frame0000017.jpg,vid_000239,5,0.44671860512376144,6.1710615158081055,5.960853576660156
vid_000109_frame0000001.jpg,vid_000109,3,0.4466815482539357,7.65216588973999,7.309264659881592
vid_000550_frame0000033.jpg,vid_000550,5,0.44664924703547465,6.537929534912109,-1.7613168954849243
vid_000287_frame0000001.jpg,vid_000287,4,0.44647446781334604,1.485633134841919,5.9788665771484375
vid_000317_frame0000003.jpg,vid_000317,5,0.4459891700610645,2.8690669536590576,-7.935060501098633
vid_000531_frame0000044.jpg,vid_000531,3,0.4459806039613968,17.25117301940918,-0.5576125979423523
vid_000157_frame0000008.jpg,vid_000157,6,0.4459664646084388,0.08906782418489456,-3.961737871170044
vid_000424_frame0000020.jpg,vid_000424,4,0.4457453964422502,2.9652278423309326,10.522651672363281
vid_000074_frame0000032.jpg,vid_000074,5,0.44554271489041286,9.15760612487793,-1.6072217226028442
vid_000253_frame0000007.jpg,vid_000253,2,0.4454892197307434,2.202047109603882,1.0691636800765991
vid_000037_frame0000001.jpg,vid_000037,6,0.4451669437396921,4.827066898345947,-4.262137413024902
vid_000082_frame0000018.jpg,vid_000082,5,0.4451516470035968,3.8750574588775635,-0.484034925699234
vid_000109_frame0000036.jpg,vid_000109,3,0.4450398254977525,8.107714653015137,7.160603046417236
vid_000164_frame0000016.jpg,vid_000164,3,0.44493933136152863,13.017353057861328,-4.634586811065674
vid_000037_frame0000012.jpg,vid_000037,1,0.4449296279634487,6.990693092346191,-5.170107841491699
vid_000122_frame0000004.jpg,vid_000122,6,0.44476386650620786,5.702428340911865,-5.056868076324463
vid_000501_frame0000010.jpg,vid_000501,3,0.4444290322520103,14.985934257507324,-4.159008979797363
vid_000074_frame0000024.jpg,vid_000074,3,0.444420180263335,9.755182266235352,0.43366509675979614
vid_000214_frame0000014.jpg,vid_000214,3,0.44435892762903273,8.673255920410156,10.675093650817871
vid_000317_frame0000037.jpg,vid_000317,5,0.44433716662777517,6.909032344818115,-4.123093128204346
vid_000550_frame0000025.jpg,vid_000550,5,0.4441922420735022,4.888250827789307,-2.7284739017486572
vid_000201_frame0000009.jpg,vid_000201,4,0.4440417131921675,5.261289596557617,7.503736972808838
vid_000123_frame0000021.jpg,vid_000123,2,0.4439306488516177,1.95460045337677,-5.994012355804443
vid_000157_frame0000009.jpg,vid_000157,6,0.4439196446384639,-0.1370329111814499,-2.8081696033477783
vid_000252_frame0000004.jpg,vid_000252,6,0.4438551007929823,8.420487403869629,-4.42234992980957
vid_000429_frame0000014.jpg,vid_000429,5,0.443657997109951,8.498520851135254,-4.4200663566589355
vid_000551_frame0000069.jpg,vid_000551,5,0.44364252882971406,1.2638531923294067,-7.79168176651001
vid_000265_frame0000015.jpg,vid_000265,2,0.4434296060148957,5.058811187744141,5.669312953948975
vid_000109_frame0000029.jpg,vid_000109,3,0.4433808164054568,7.844205379486084,6.530167579650879
vid_000104_frame0000001.jpg,vid_000104,2,0.4432966649697342,0.563823401927948,-4.797347068786621
vid_000104_frame0000013.jpg,vid_000104,5,0.4432013842926996,6.4392619132995605,-3.8985202312469482
vid_000436_frame0000013.jpg,vid_000436,7,0.44312598670221476,7.917726516723633,6.316626071929932
vid_000290_frame0000001.jpg,vid_000290,4,0.44311131931130715,2.1850616931915283,5.248636722564697
vid_000063_frame0000002.jpg,vid_000063,1,0.4430691965677417,11.141420364379883,-1.1437442302703857
vid_000151_frame0000018.jpg,vid_000151,3,0.4429616278831435,8.761674880981445,-4.3667731285095215
vid_000252_frame0000006.jpg,vid_000252,6,0.44285735095462936,5.661314964294434,-3.533738851547241
vid_000539_frame0000071.jpg,vid_000539,5,0.44275035646705657,2.286750316619873,0.18259064853191376
vid_000117_frame0000022.jpg,vid_000117,5,0.44275032255171487,2.443204641342163,-7.996785640716553
vid_000109_frame0000042.jpg,vid_000109,3,0.44246882614454186,7.414802074432373,7.969024658203125
vid_000437_frame0000041.jpg,vid_000437,4,0.44207884692943467,12.42988109588623,12.706222534179688
vid_000343_frame0000021.jpg,vid_000343,5,0.4420086486013994,2.3920342922210693,-0.10009759664535522
vid_000233_frame0000021.jpg,vid_000233,2,0.4419849253979556,-2.9851036071777344,-5.315296649932861
vid_000317_frame0000001.jpg,vid_000317,5,0.441849149051877,0.1597711145877838,-8.276095390319824
vid_000292_frame0000010.jpg,vid_000292,4,0.4418208710555067,6.05260705947876,7.210576057434082
vid_000139_frame0000018.jpg,vid_000139,5,0.4417953609376945,-0.023609712719917297,-7.025766372680664
vid_000553_frame0000030.jpg,vid_000553,5,0.4417611477724716,5.2289581298828125,-4.979206562042236
vid_000367_frame0000028.jpg,vid_000367,1,0.44155608775268607,6.358493804931641,-1.7430977821350098
vid_000253_frame0000008.jpg,vid_000253,2,0.4415302948573191,4.385360240936279,0.5024502873420715
vid_000139_frame0000025.jpg,vid_000139,2,0.44133334097696586,-3.8864567279815674,-5.604555130004883
vid_000437_frame0000024.jpg,vid_000437,4,0.44130968294806805,0.08676601201295853,7.706106662750244
vid_000252_frame0000028.jpg,vid_000252,6,0.44121338582937625,7.009164333343506,-4.503756999969482
vid_000104_frame0000008.jpg,vid_000104,2,0.4408383692725349,3.048309087753296,-5.233742713928223
vid_000430_frame0000001.jpg,vid_000430,5,0.44081001653964635,7.925838470458984,1.6121975183486938
vid_000550_frame0000023.jpg,vid_000550,5,0.44080962881145214,4.243171215057373,-0.7586275339126587
vid_000104_frame0000026.jpg,vid_000104,1,0.4407536350777164,12.656840324401855,-1.3688244819641113
vid_000157_frame0000021.jpg,vid_000157,6,0.4405472340661743,-0.3080306351184845,-4.079203128814697
vid_000421_frame0000034.jpg,vid_000421,2,0.44053351515161043,2.0249650478363037,2.0134758949279785
vid_000151_frame0000028.jpg,vid_000151,5,0.44038857800039977,4.732515811920166,-6.1176862716674805
vid_000265_frame0000021.jpg,vid_000265,2,0.4403730198449269,6.039321422576904,6.642011642456055
vid_000122_frame0000050.jpg,vid_000122,6,0.44025934591655075,5.2851786613464355,-5.734307289123535
vid_000109_frame0000003.jpg,vid_000109,3,0.4400608182931286,6.55671501159668,8.804319381713867
vid_000290_frame0000016.jpg,vid_000290,4,0.4399301405074777,1.4226924180984497,6.2284369468688965
vid_000142_frame0000095.jpg,vid_000142,5,0.4398006422014684,7.232174873352051,-3.832866907119751
vid_000139_frame0000014.jpg,vid_000139,5,0.4396884373066991,8.160467147827148,-7.9303669929504395
vid_000139_frame0000012.jpg,vid_000139,5,0.4396044915628655,4.783331871032715,-6.63525390625
vid_000113_frame0000008.jpg,vid_000113,2,0.43959548374599483,-1.3119115829467773,1.6796823740005493
vid_000214_frame0000017.jpg,vid_000214,3,0.43959412090387096,9.693275451660156,9.651487350463867
vid_000275_frame0000019.jpg,vid_000275,4,0.4395204975230251,0.16764792799949646,7.789041519165039
vid_000423_frame0000023.jpg,vid_000423,2,0.439499762614761,-2.671194553375244,-4.5958733558654785
vid_000120_frame0000001.jpg,vid_000120,6,0.43940507870305084,8.882081031799316,-7.280667781829834
vid_000252_frame0000027.jpg,vid_000252,6,0.43939022319022897,6.844401836395264,-4.608876705169678
vid_000094_frame0000007.jpg,vid_000094,1,0.4393858022113495,12.920245170593262,-2.1033236980438232
vid_000156_frame0000012.jpg,vid_000156,6,0.4393636207902383,3.715282678604126,-2.4223415851593018
vid_000141_frame0000015.jpg,vid_000141,3,0.4393621712228284,11.735106468200684,-6.067622184753418
vid_000139_frame0000013.jpg,vid_000139,5,0.4392459431163025,3.616450548171997,-6.854748249053955
vid_000268_frame0000009.jpg,vid_000268,2,0.43913966907470264,0.5710037350654602,-0.9147162437438965
vid_000111_frame0000008.jpg,vid_000111,2,0.43908939217877463,-4.895847320556641,-8.110532760620117
vid_000144_frame0000017.jpg,vid_000144,2,0.4390220995082611,-0.20936517417430878,-8.002647399902344
vid_000115_frame0000033.jpg,vid_000115,6,0.43900640561945653,7.888000965118408,-9.112787246704102
vid_000334_frame0000014.jpg,vid_000334,5,0.4387272924731948,2.7763354778289795,-2.634902000427246
vid_000111_frame0000009.jpg,vid_000111,2,0.438711197887536,-3.566128730773926,-7.141387462615967
vid_000157_frame0000013.jpg,vid_000157,6,0.43861572281711336,-0.010836565867066383,-3.1005468368530273
vid_000252_frame0000019.jpg,vid_000252,6,0.4385177113606433,2.181847095489502,-5.814635753631592
vid_000268_frame0000014.jpg,vid_000268,2,0.4382870687467214,-0.4796971380710602,-3.4601006507873535
vid_000440_frame0000078.jpg,vid_000440,1,0.438014218799605,13.345023155212402,2.5365753173828125
vid_000449_frame0000016.jpg,vid_000449,5,0.4378658661196293,-1.46809720993042,-1.1688152551651
vid_000208_frame0000017.jpg,vid_000208,4,0.4376847399696235,0.4993342161178589,8.879201889038086
vid_000117_frame0000009.jpg,vid_000117,5,0.4376033321119642,-0.26215970516204834,-7.8589043617248535
vid_000201_frame0000029.jpg,vid_000201,4,0.4375801425992477,10.359389305114746,7.918273448944092
vid_000157_frame0000020.jpg,vid_000157,6,0.43753137192716357,0.22377511858940125,-3.191131114959717
vid_000265_frame0000018.jpg,vid_000265,2,0.43750156805189205,6.383466720581055,5.551029682159424
vid_000275_frame0000021.jpg,vid_000275,4,0.4374796514845827,1.0746848583221436,7.241598606109619
vid_000141_frame0000016.jpg,vid_000141,3,0.437434171204967,11.793421745300293,-7.686609268188477
vid_000157_frame0000023.jpg,vid_000157,6,0.43741269022933393,-0.5814200043678284,-4.426027297973633
vid_000159_frame0000026.jpg,vid_000159,6,0.4368064790895971,0.7917859554290771,-4.878539562225342
vid_000159_frame0000001.jpg,vid_000159,6,0.4367922330268684,2.23520827293396,-4.92264986038208
vid_000036_frame0000037.jpg,vid_000036,5,0.43667470560961824,4.524942398071289,-1.4726991653442383
vid_000122_frame0000060.jpg,vid_000122,6,0.4365648319814555,5.640974998474121,-4.57175350189209
vid_000265_frame0000019.jpg,vid_000265,2,0.43653675523640323,7.459680080413818,6.735009670257568
vid_000120_frame0000015.jpg,vid_000120,6,0.43632419365262726,9.588142395019531,-5.373083114624023
vid_000317_frame0000046.jpg,vid_000317,5,0.43630800483586807,4.313736915588379,-3.8766872882843018
vid_000316_frame0000034.jpg,vid_000316,2,0.43629431725056556,0.18739692866802216,-6.215754508972168
vid_000429_frame0000020.jpg,vid_000429,3,0.43617517002836137,9.770106315612793,-5.0418171882629395
vid_000444_frame0000016.jpg,vid_000444,5,0.4361487778898517,6.043874263763428,-1.456345796585083
vid_000550_frame0000032.jpg,vid_000550,5,0.4361405554943161,6.653780460357666,-1.679359793663025
vid_000108_frame0000037.jpg,vid_000108,4,0.43606524802739394,7.547982215881348,3.681421995162964
vid_000438_frame0000005.jpg,vid_000438,4,0.4360263068117039,4.576920509338379,12.66230583190918
vid_000332_frame0000110.jpg,vid_000332,5,0.43590155676401987,4.532899856567383,-2.6008291244506836
vid_000159_frame0000012.jpg,vid_000159,6,0.43570604712496624,1.25368332862854,-5.416481018066406
vid_000250_frame0000002.jpg,vid_000250,4,0.4356487779639251,7.686532020568848,8.353509902954102
vid_000117_frame0000023.jpg,vid_000117,5,0.4356322525061625,1.539397120475769,-7.7426838874816895
vid_000104_frame0000006.jpg,vid_000104,2,0.4353620589975436,1.107330322265625,-5.558454990386963
vid_000157_frame0000003.jpg,vid_000157,6,0.4353544615399862,-0.7558777332305908,-2.6677637100219727
vid_000332_frame0000051.jpg,vid_000332,5,0.43511166001978063,4.812400817871094,-1.5971202850341797
vid_000275_frame0000008.jpg,vid_000275,4,0.435108865163327,0.28357309103012085,4.761368751525879
vid_000281_frame0000027.jpg,vid_000281,4,0.43506707084987795,2.678591012954712,9.876399040222168
vid_000117_frame0000007.jpg,vid_000117,5,0.43504555678612866,-1.0282955169677734,-8.75870418548584
vid_000076_frame0000007.jpg,vid_000076,5,0.43481876334100256,2.0958189964294434,-0.9909509420394897
vid_000122_frame0000076.jpg,vid_000122,6,0.4347874645806381,3.2561991214752197,-6.3227434158325195
vid_000140_frame0000029.jpg,vid_000140,6,0.4345115325440466,3.45884370803833,-3.1303977966308594
vid_000208_frame0000018.jpg,vid_000208,4,0.4343768621422918,1.6575180292129517,10.174809455871582
vid_000109_frame0000014.jpg,vid_000109,4,0.4342973603972819,-0.7428274750709534,10.8239107131958
vid_000437_frame0000029.jpg,vid_000437,4,0.4341452727583941,1.3636586666107178,11.295146942138672
vid_000438_frame0000035.jpg,vid_000438,4,0.43409377949071704,3.1374106407165527,13.064371109008789
vid_000551_frame0000082.jpg,vid_000551,0,0.43407978847439943,-4.760783672332764,-1.3014978170394897
vid_000285_frame0000169.jpg,vid_000285,3,0.4338845261203806,10.739283561706543,-0.7524567246437073
vid_000122_frame0000057.jpg,vid_000122,6,0.4338747668901833,4.540711879730225,-5.086823463439941
vid_000122_frame0000037.jpg,vid_000122,2,0.43332067492135723,4.224807262420654,-4.440268516540527
vid_000122_frame0000078.jpg,vid_000122,6,0.4333066990245143,3.589128017425537,-5.772302627563477
vid_000446_frame0000056.jpg,vid_000446,2,0.4332909190526441,1.5764868259429932,-4.066674709320068
vid_000292_frame0000001.jpg,vid_000292,4,0.433096621896037,4.288656711578369,7.203981399536133
vid_000074_frame0000022.jpg,vid_000074,3,0.43302864022648047,10.9488525390625,-0.6627146005630493
vid_000159_frame0000025.jpg,vid_000159,6,0.43302776602378873,2.952608108520508,-5.594969272613525
vid_000250_frame0000001.jpg,vid_000250,4,0.43302402151217617,7.1695122718811035,8.372549057006836
vid_000144_frame0000040.jpg,vid_000144,5,0.432967219539606,0.7552899122238159,-5.120769500732422
vid_000367_frame0000024.jpg,vid_000367,1,0.4329091952390497,4.269905090332031,-2.5520780086517334
vid_000122_frame0000067.jpg,vid_000122,6,0.432823678371023,4.6088080406188965,-4.40569543838501
vid_000275_frame0000025.jpg,vid_000275,4,0.43278207380946215,4.5074615478515625,5.748735427856445
vid_000037_frame0000009.jpg,vid_000037,5,0.43268734828876226,4.890851974487305,-8.758082389831543
vid_000122_frame0000083.jpg,vid_000122,3,0.4325947590196721,11.671154022216797,-5.187728404998779
vid_000122_frame0000064.jpg,vid_000122,6,0.43220536198658827,4.764067649841309,-4.474922180175781
vid_000074_frame0000001.jpg,vid_000074,5,0.43218455496304387,7.485954761505127,-2.011014461517334
vid_000159_frame0000007.jpg,vid_000159,6,0.4319723031856023,2.751929998397827,-4.939861297607422
vid_000156_frame0000017.jpg,vid_000156,6,0.4319418751124839,3.7501296997070312,-2.6302573680877686
vid_000139_frame0000005.jpg,vid_000139,6,0.4319341386986356,7.649501800537109,-2.0969913005828857
vid_000444_frame0000007.jpg,vid_000444,5,0.4318945982561984,10.133746147155762,-1.942756175994873
vid_000343_frame0000029.jpg,vid_000343,5,0.4318483187591006,1.415009617805481,0.3109263479709625
vid_000252_frame0000001.jpg,vid_000252,6,0.4318098902499869,6.695902347564697,-4.632071018218994
vid_000441_frame0000003.jpg,vid_000441,3,0.43174935502101497,9.16347885131836,4.356369495391846
vid_000242_frame0000055.jpg,vid_000242,5,0.4317414620165446,2.7410032749176025,-0.8532071113586426
vid_000437_frame0000021.jpg,vid_000437,4,0.4317069305686144,3.6575517654418945,8.420889854431152
vid_000253_frame0000009.jpg,vid_000253,2,0.4316824762655738,1.8431426286697388,2.4117987155914307
vid_000235_frame0000039.jpg,vid_000235,5,0.4316501082541337,4.917219638824463,-3.3597140312194824
vid_000092_frame0000112.jpg,vid_000092,5,0.4315499199848618,1.4013456106185913,-5.651984214782715
vid_000109_frame0000018.jpg,vid_000109,4,0.43151588360514037,5.411253452301025,11.935053825378418
vid_000332_frame0000128.jpg,vid_000332,5,0.4312160533775548,3.4234964847564697,-2.95007586479187
vid_000275_frame0000010.jpg,vid_000275,4,0.43119913067934806,1.6133629083633423,6.349775314331055
vid_000271_frame0000024.jpg,vid_000271,5,0.43119582528825734,10.51958179473877,6.445159912109375
vid_000089_frame0000029.jpg,vid_000089,5,0.43105078230983834,7.225308895111084,-4.001692295074463
vid_000285_frame0000159.jpg,vid_000285,3,0.4307387891162886,10.342451095581055,-0.5058376789093018
vid_000157_frame0000028.jpg,vid_000157,6,0.43056312699453864,-2.552185297012329,-3.147883415222168
vid_000157_frame0000031.jpg,vid_000157,6,0.4304816342005545,-2.3073854446411133,-3.9351158142089844
vid_000073_frame0000049.jpg,vid_000073,5,0.43042795327690586,1.419252872467041,-0.48842936754226685
vid_000156_frame0000016.jpg,vid_000156,6,0.43036764662435095,0.8821905851364136,-2.7635750770568848
vid_000438_frame0000055.jpg,vid_000438,4,0.43035250004579406,5.3712310791015625,11.383025169372559
vid_000289_frame0000056.jpg,vid_000289,2,0.4301419129443302,-1.1668113470077515,-0.575536847114563
vid_000156_frame0000024.jpg,vid_000156,6,0.43009979279929106,1.9624911546707153,-2.0161292552948
vid_000550_frame0000022.jpg,vid_000550,5,0.4298659267495019,1.3633780479431152,-1.4644290208816528
vid_000164_frame0000015.jpg,vid_000164,6,0.4297239493645375,10.17902946472168,-4.438682556152344
vid_000550_frame0000011.jpg,vid_000550,5,0.42942424263724976,3.9137635231018066,-3.4629268646240234
vid_000123_frame0000017.jpg,vid_000123,2,0.4294151590853453,1.9274264574050903,-7.3141679763793945
vid_000151_frame0000025.jpg,vid_000151,5,0.4293732116354808,6.7429070472717285,-6.569027423858643
vid_000050_frame0000014.jpg,vid_000050,5,0.42928139098487084,-0.5516226887702942,-2.8482227325439453
vid_000287_frame0000006.jpg,vid_000287,4,0.42902488944895667,-0.8310102224349976,6.0044755935668945
vid_000252_frame0000012.jpg,vid_000252,6,0.42901736072704094,5.17165470123291,-5.163878917694092
vid_000144_frame0000038.jpg,vid_000144,5,0.42883077653184754,1.8463964462280273,-6.087211608886719
vid_000082_frame0000014.jpg,vid_000082,5,0.4288277771277062,6.144021511077881,3.7500667572021484
vid_000239_frame0000013.jpg,vid_000239,5,0.4286530587474323,4.263817310333252,3.6966588497161865
vid_000050_frame0000019.jpg,vid_000050,2,0.42858291641366436,-1.402259111404419,-0.025394445285201073
vid_000436_frame0000024.jpg,vid_000436,4,0.428582021691175,-0.16644686460494995,5.159601211547852
vid_000441_frame0000068.jpg,vid_000441,4,0.42856867257232806,8.368943214416504,6.361495494842529
vid_000122_frame0000069.jpg,vid_000122,6,0.4284828095294578,4.806217670440674,-5.300518035888672
vid_000314_frame0000023.jpg,vid_000314,4,0.42824724130860037,0.07884863764047623,6.975688934326172
vid_000252_frame0000025.jpg,vid_000252,6,0.42822001250307223,5.824739456176758,-5.946520805358887
vid_000162_frame0000023.jpg,vid_000162,5,0.42819428324615877,2.6111831665039062,-3.674900531768799
vid_000036_frame0000043.jpg,vid_000036,5,0.4280730500819142,2.871490955352783,-1.3656851053237915
vid_000426_frame0000017.jpg,vid_000426,0,0.42801075235473135,-1.8456552028656006,3.5565528869628906
vid_000251_frame0000007.jpg,vid_000251,4,0.42784591217416945,4.986363410949707,8.42052936553955
vid_000441_frame0000002.jpg,vid_000441,4,0.42767183575400775,6.512866020202637,7.408265113830566
vid_000252_frame0000022.jpg,vid_000252,6,0.42765807394730504,4.488910675048828,-6.496106147766113
vid_000036_frame0000004.jpg,vid_000036,5,0.42765085467522757,3.8113760948181152,-1.8279781341552734
vid_000162_frame0000011.jpg,vid_000162,2,0.42763228797851727,-4.0301995277404785,-5.071702480316162
vid_000054_frame0000041.jpg,vid_000054,1,0.42755287447982887,13.060428619384766,-0.6893770694732666
vid_000108_frame0000035.jpg,vid_000108,4,0.42740301854268853,7.490596294403076,3.2282302379608154
vid_000156_frame0000009.jpg,vid_000156,6,0.42730414936992106,2.0290937423706055,-2.015245199203491
vid_000082_frame0000017.jpg,vid_000082,5,0.4272769117159929,7.4222412109375,-1.012749195098877
vid_000265_frame0000023.jpg,vid_000265,2,0.4272524148902627,4.188937187194824,4.294069766998291
vid_000073_frame0000011.jpg,vid_000073,5,0.4271354496415337,3.4891440868377686,1.83220636844635
vid_000082_frame0000012.jpg,vid_000082,5,0.4271127774174503,3.316988468170166,1.2814627885818481
vid_000275_frame0000026.jpg,vid_000275,4,0.42704333102357456,3.486722707748413,5.230660438537598
vid_000266_frame0000016.jpg,vid_000266,2,0.4270385855311325,1.4224324226379395,-1.4555493593215942
vid_000436_frame0000005.jpg,vid_000436,4,0.42702483474254527,4.042105674743652,5.264314651489258
vid_000240_frame0000021.jpg,vid_000240,2,0.42681464192352475,-1.0388588905334473,-1.301896095275879
vid_000235_frame0000135.jpg,vid_000235,2,0.4267857515413649,3.1643383502960205,-0.7462542653083801
vid_000262_frame0000005.jpg,vid_000262,4,0.42676724307068575,2.1640491485595703,4.444884300231934
vid_000281_frame0000019.jpg,vid_000281,4,0.42662613016698275,0.8754647970199585,11.928173065185547
vid_000242_frame0000014.jpg,vid_000242,5,0.4265958800946808,2.7940080165863037,-0.6236933469772339
vid_000317_frame0000049.jpg,vid_000317,5,0.42651686297571256,2.5728249549865723,-5.430906295776367
vid_000156_frame0000003.jpg,vid_000156,6,0.4264539522009699,0.47237932682037354,-2.5021016597747803
vid_000276_frame0000023.jpg,vid_000276,4,0.4264499362300871,2.266383409500122,4.276689529418945
vid_000276_frame0000024.jpg,vid_000276,4,0.42639103933610706,5.116326808929443,5.332605838775635
vid_000332_frame0000098.jpg,vid_000332,5,0.4262771614789549,5.525380611419678,-1.2654584646224976
vid_000160_frame0000010.jpg,vid_000160,6,0.4262731770852345,0.9083704948425293,-5.903824806213379
vid_000144_frame0000004.jpg,vid_000144,2,0.42624107875825806,-3.2194247245788574,-9.068198204040527
vid_000156_frame0000008.jpg,vid_000156,6,0.4260083721839784,0.5148056149482727,-2.3648087978363037
vid_000274_frame0000012.jpg,vid_000274,1,0.4259730674793307,8.901318550109863,4.557121753692627
vid_000139_frame0000006.jpg,vid_000139,5,0.42595458346501275,9.624024391174316,-2.914867877960205
vid_000036_frame0000076.jpg,vid_000036,6,0.4259466060334394,2.2800819873809814,-3.627216100692749
vid_000429_frame0000010.jpg,vid_000429,5,0.4259020325217018,1.9743120670318604,-4.893581867218018
vid_000109_frame0000020.jpg,vid_000109,4,0.42578477919469876,5.197139739990234,10.477672576904297
vid_000164_frame0000014.jpg,vid_000164,6,0.4257486203856626,7.926436424255371,-5.269667148590088
vid_000159_frame0000016.jpg,vid_000159,6,0.42559705167407336,0.8250854015350342,-5.06520414352417
vid_000160_frame0000011.jpg,vid_000160,6,0.42543819546976575,-0.09598574042320251,-6.173066139221191
vid_000089_frame0000030.jpg,vid_000089,1,0.42541828297271284,12.611525535583496,-5.234901428222656
vid_000122_frame0000039.jpg,vid_000122,6,0.4253329525586873,3.3909876346588135,-5.500033855438232
vid_000160_frame0000009.jpg,vid_000160,6,0.4252996138909992,0.869820237159729,-5.182704448699951
vid_000441_frame0000067.jpg,vid_000441,4,0.4251796541347125,7.704245567321777,4.513908863067627
vid_000252_frame0000024.jpg,vid_000252,6,0.4249892816669432,3.9015159606933594,-5.243492126464844
vid_000142_frame0000110.jpg,vid_000142,5,0.4249846407588449,6.893669128417969,-6.030633449554443
vid_000367_frame0000025.jpg,vid_000367,1,0.4249822102367063,5.20562219619751,-2.5381011962890625
vid_000288_frame0000061.jpg,vid_000288,2,0.42498035183522764,-1.272800087928772,-2.521937370300293
vid_000367_frame0000033.jpg,vid_000367,5,0.42485010537108514,3.0397870540618896,-2.7565386295318604
vid_000239_frame0000045.jpg,vid_000239,5,0.4247346598340477,4.436859130859375,4.0622172355651855
vid_000159_frame0000009.jpg,vid_000159,6,0.4247150612276143,0.5753931403160095,-5.437133312225342
vid_000290_frame0000017.jpg,vid_000290,4,0.424629250601597,-2.932081699371338,4.60244607925415
vid_000329_frame0000028.jpg,vid_000329,5,0.4243483299837125,4.687866687774658,-2.468132495880127
vid_000036_frame0000003.jpg,vid_000036,5,0.4243195728777167,1.770564079284668,-3.179332971572876
vid_000158_frame0000001.jpg,vid_000158,6,0.42430540372716696,0.7040762305259705,-3.324655055999756
vid_000242_frame0000008.jpg,vid_000242,2,0.42429071728463663,1.8346328735351562,-1.2328606843948364
vid_000289_frame0000028.jpg,vid_000289,2,0.4241823632732007,-2.2287087440490723,-0.46866026520729065
vid_000253_frame0000010.jpg,vid_000253,2,0.42415372362050585,1.6293656826019287,0.7225311398506165
vid_000156_frame0000019.jpg,vid_000156,6,0.4241530815567523,-0.3730291724205017,-3.2001118659973145
vid_000111_frame0000012.jpg,vid_000111,2,0.42408746172320044,-6.532559871673584,-8.996748924255371
vid_000162_frame0000040.jpg,vid_000162,2,0.4240874531787155,-4.825965404510498,-3.959805965423584
vid_000307_frame0000015.jpg,vid_000307,3,0.4240868466769002,14.007966041564941,-3.2985682487487793
vid_000101_frame0000001.jpg,vid_000101,6,0.42385289208860033,5.856053352355957,-7.243039131164551
vid_000115_frame0000040.jpg,vid_000115,6,0.42373244703690566,0.929286539554596,-6.495927333831787
vid_000105_frame0000004.jpg,vid_000105,5,0.423731321844665,6.262869834899902,-0.6764981150627136
vid_000312_frame0000015.jpg,vid_000312,5,0.42363239505540523,3.5498011112213135,1.0720962285995483
vid_000105_frame0000005.jpg,vid_000105,5,0.4235578488771104,5.769591331481934,-0.529603898525238
vid_000276_frame0000002.jpg,vid_000276,4,0.42323548588969545,7.450053691864014,6.865058898925781
vid_000063_frame0000010.jpg,vid_000063,1,0.4229187619725688,7.923802852630615,-4.430163383483887
vid_000271_frame0000030.jpg,vid_000271,2,0.42256536126691246,5.1327409744262695,6.800462245941162
vid_000101_frame0000002.jpg,vid_000101,6,0.4224111671118458,6.070061683654785,-7.21144962310791
vid_000144_frame0000048.jpg,vid_000144,5,0.42240892346143144,-0.2655724883079529,-7.421664237976074
vid_000441_frame0000069.jpg,vid_000441,3,0.422299410831123,8.31448745727539,8.038206100463867
vid_000240_frame0000032.jpg,vid_000240,2,0.42223604742409954,-3.564710855484009,-4.506913185119629
vid_000252_frame0000021.jpg,vid_000252,6,0.42219532273363847,3.781466484069824,-6.232878684997559
vid_000201_frame0000020.jpg,vid_000201,4,0.42218447064257764,2.613818407058716,6.127603054046631
vid_000288_frame0000057.jpg,vid_000288,2,0.4220430322457064,-1.6207109689712524,-2.818331480026245
vid_000250_frame0000003.jpg,vid_000250,4,0.42178383090537447,8.278238296508789,8.457847595214844
vid_000275_frame0000002.jpg,vid_000275,4,0.4217324741125457,0.943105936050415,4.727248668670654
vid_000159_frame0000015.jpg,vid_000159,6,0.4217132047450818,1.5886118412017822,-5.758960723876953
vid_000319_frame0000004.jpg,vid_000319,5,0.4216695559448502,-1.1628270149230957,0.13287705183029175
vid_000082_frame0000024.jpg,vid_000082,5,0.42165390117126583,6.099695682525635,-1.4923936128616333
vid_000338_frame0000022.jpg,vid_000338,0,0.4215151033548413,-5.3393120765686035,-1.7927608489990234
vid_000426_frame0000006.jpg,vid_000426,0,0.4214711849810379,-2.8213255405426025,3.430967330932617
vid_000254_frame0000007.jpg,vid_000254,2,0.42135612890486485,-5.304627418518066,-0.30340397357940674
vid_000158_frame0000118.jpg,vid_000158,6,0.42129882832655907,-5.933650970458984,-4.975331783294678
vid_000423_frame0000011.jpg,vid_000423,2,0.42128711060978286,-5.070551872253418,-6.545012474060059
vid_000082_frame0000020.jpg,vid_000082,5,0.4212636434787747,7.429503440856934,-1.369616150856018
vid_000104_frame0000009.jpg,vid_000104,5,0.4212544558441027,2.3362345695495605,-5.060631275177002
vid_000332_frame0000057.jpg,vid_000332,5,0.4211551166007901,1.8257737159729004,-0.9404993057250977
vid_000305_frame0000004.jpg,vid_000305,4,0.4209202532487473,-1.756282925605774,8.966662406921387
vid_000140_frame0000033.jpg,vid_000140,2,0.42082611280799875,-0.5985936522483826,-1.2032089233398438
vid_000437_frame0000019.jpg,vid_000437,4,0.4206934534899728,-0.8261668086051941,8.138484954833984
vid_000159_frame0000017.jpg,vid_000159,6,0.42065919610785285,1.4975463151931763,-6.5071940422058105
vid_000253_frame0000015.jpg,vid_000253,3,0.4206387554366779,10.91385269165039,-0.692977786064148
vid_000139_frame0000021.jpg,vid_000139,2,0.4205408606144605,-2.543161153793335,-6.327873706817627
vid_000160_frame0000019.jpg,vid_000160,6,0.42040672093025183,-2.547614336013794,-6.1467766761779785
vid_000078_frame0000014.jpg,vid_000078,5,0.4203232433935943,0.9255138039588928,-1.524614691734314
vid_000446_frame0000011.jpg,vid_000446,5,0.4202628530219637,5.531310081481934,-0.5341784954071045
vid_000076_frame0000034.jpg,vid_000076,2,0.41993192158475784,-3.3866963386535645,-1.38760244846344
vid_000212_frame0000016.jpg,vid_000212,2,0.41986912882502847,2.6556544303894043,1.661100149154663
vid_000139_frame0000026.jpg,vid_000139,5,0.41984998934015777,0.5546802878379822,-6.420507907867432
vid_000251_frame0000014.jpg,vid_000251,4,0.4198355760155542,1.1926424503326416,11.046187400817871
vid_000101_frame0000008.jpg,vid_000101,6,0.4194994833947942,2.9522652626037598,-8.3037748336792
vid_000305_frame0000010.jpg,vid_000305,4,0.41946500835478356,4.613888740539551,6.852339744567871
vid_000156_frame0000029.jpg,vid_000156,6,0.41941201871547223,-0.06910254806280136,-1.7655869722366333
vid_000362_frame0000012.jpg,vid_000362,5,0.4194090557851638,3.1413931846618652,-0.19698092341423035
vid_000144_frame0000014.jpg,vid_000144,2,0.4194063552933142,-4.329354286193848,-10.1787109375
vid_000332_frame0000007.jpg,vid_000332,5,0.4193671632955922,3.376215696334839,-0.6394983530044556
vid_000117_frame0000004.jpg,vid_000117,2,0.41929469334541675,-2.3063197135925293,-7.8308563232421875
vid_000291_frame0000081.jpg,vid_000291,1,0.4192054745693644,3.163043975830078,-5.188521862030029
vid_000319_frame0000002.jpg,vid_000319,5,0.419093090014616,-0.4469022750854492,0.791718602180481
vid_000101_frame0000006.jpg,vid_000101,5,0.4188855127748584,3.8629074096679688,-7.707174301147461
vid_000120_frame0000003.jpg,vid_000120,6,0.41874948051914784,7.862194538116455,-5.776626110076904
vid_000240_frame0000052.jpg,vid_000240,2,0.41872406268672285,-5.074070453643799,-4.841447830200195
vid_000208_frame0000008.jpg,vid_000208,4,0.41866807456400734,0.673574686050415,8.396111488342285
vid_000309_frame0000038.jpg,vid_000309,4,0.4185018687218796,2.774009943008423,6.837696075439453
vid_000240_frame0000068.jpg,vid_000240,6,0.41843221146347986,3.5294101238250732,-3.0304319858551025
vid_000275_frame0000028.jpg,vid_000275,4,0.418422697206257,3.624349355697632,4.93939208984375
vid_000338_frame0000024.jpg,vid_000338,5,0.41818994431216944,-1.0337615013122559,0.12757578492164612
vid_000275_frame0000001.jpg,vid_000275,4,0.41815738566228744,1.6920175552368164,4.503789901733398
vid_000312_frame0000016.jpg,vid_000312,5,0.4178958020068472,5.280256271362305,-0.03461453318595886
vid_000288_frame0000075.jpg,vid_000288,2,0.417700948854047,0.21376802027225494,-4.2623701095581055
vid_000319_frame0000001.jpg,vid_000319,5,0.4176586315926066,0.977273166179657,0.4727926254272461
vid_000082_frame0000026.jpg,vid_000082,5,0.4176295940929453,4.469639301300049,-0.7183083891868591
vid_000101_frame0000010.jpg,vid_000101,6,0.4173702192296484,-0.8646057844161987,-8.881987571716309
vid_000289_frame0000051.jpg,vid_000289,2,0.4173276281391412,-2.2551143169403076,-2.2162044048309326
vid_000117_frame0000006.jpg,vid_000117,2,0.4172654838209542,-3.4030513763427734,-8.931899070739746
vid_000424_frame0000017.jpg,vid_000424,4,0.41726476658219686,-1.8190481662750244,9.341617584228516
vid_000314_frame0000024.jpg,vid_000314,4,0.4171497522354877,3.304180860519409,8.514839172363281
vid_000109_frame0000016.jpg,vid_000109,4,0.4171165069523969,-1.3506985902786255,9.413945198059082
vid_000241_frame0000011.jpg,vid_000241,4,0.4168061175208069,-3.843909502029419,1.698663353919983
vid_000289_frame0000031.jpg,vid_000289,2,0.4166955541295089,-1.948447823524475,-1.2237040996551514
vid_000113_frame0000001.jpg,vid_000113,2,0.4164679210765886,-0.7015306949615479,-2.7890827655792236
vid_000117_frame0000025.jpg,vid_000117,2,0.4164426379581946,-2.990147352218628,-7.794388294219971
vid_000291_frame0000067.jpg,vid_000291,1,0.4162935204428663,7.738340854644775,-1.3409128189086914
vid_000345_frame0000020.jpg,vid_000345,0,0.4162785722702311,-3.4936797618865967,0.9401935935020447
vid_000158_frame0000124.jpg,vid_000158,6,0.41624307843533526,-7.181673526763916,-5.625156879425049
vid_000317_frame0000033.jpg,vid_000317,5,0.41618024367873274,2.8927953243255615,-3.4727931022644043
vid_000164_frame0000022.jpg,vid_000164,6,0.41610035631786196,7.004356861114502,-4.746344089508057
vid_000036_frame0000006.jpg,vid_000036,6,0.41607360272746907,1.8710500001907349,-1.9688798189163208
vid_000264_frame0000074.jpg,vid_000264,2,0.41604734877966615,-1.2507048845291138,3.1425693035125732
vid_000254_frame0000020.jpg,vid_000254,2,0.41601339851426017,3.276798725128174,-3.1665704250335693
vid_000287_frame0000007.jpg,vid_000287,4,0.4159778436782273,-1.7277568578720093,6.194591045379639
vid_000162_frame0000037.jpg,vid_000162,0,0.41595467114035173,-5.5389885902404785,-3.397691488265991
vid_000120_frame0000004.jpg,vid_000120,5,0.4159376336569112,7.396245956420898,-7.129512310028076
vid_000107_frame0000014.jpg,vid_000107,0,0.41585422793258753,-4.680828094482422,-1.0267478227615356
vid_000123_frame0000030.jpg,vid_000123,2,0.41564625788714127,-2.475908041000366,-6.547111511230469
vid_000233_frame0000022.jpg,vid_000233,2,0.41555681914379633,-6.168807506561279,-7.747438430786133
vid_000279_frame0000005.jpg,vid_000279,4,0.4155564466089528,3.812753438949585,9.261435508728027
vid_000144_frame0000025.jpg,vid_000144,2,0.41552757386890954,-3.838672399520874,-8.412097930908203
vid_000293_frame0000010.jpg,vid_000293,4,0.41551055415522886,0.3273618519306183,8.433542251586914
vid_000275_frame0000004.jpg,vid_000275,4,0.4153855497514816,3.894075632095337,5.4023637771606445
vid_000157_frame0000026.jpg,vid_000157,6,0.4153184380638754,-3.017836332321167,-3.4772558212280273
vid_000309_frame0000045.jpg,vid_000309,4,0.4153002554238948,5.804197311401367,6.953775405883789
vid_000119_frame0000002.jpg,vid_000119,2,0.4152810829342631,-8.745692253112793,-6.954672336578369
vid_000158_frame0000007.jpg,vid_000158,6,0.4152224747570586,-0.7240370512008667,-3.158663511276245
vid_000347_frame0000021.jpg,vid_000347,0,0.4152055070632817,-3.6381516456604004,-3.1295418739318848
vid_000291_frame0000037.jpg,vid_000291,2,0.4149582438218037,1.1506261825561523,-4.762969970703125
vid_000240_frame0000127.jpg,vid_000240,2,0.4149470817063957,-1.8807612657546997,-2.622681140899658
vid_000303_frame0000004.jpg,vid_000303,4,0.4148552532092083,-3.0983197689056396,3.1995229721069336
vid_000162_frame0000042.jpg,vid_000162,0,0.4148315882603375,-6.479396820068359,-4.747593879699707
vid_000276_frame0000001.jpg,vid_000276,4,0.41477799282506916,6.894959926605225,5.775889873504639
vid_000144_frame0000006.jpg,vid_000144,2,0.4147196728690604,-2.5094027519226074,-10.018468856811523
vid_000235_frame0000021.jpg,vid_000235,2,0.4147066837167066,0.6193708181381226,-0.9757972359657288
vid_000334_frame0000011.jpg,vid_000334,5,0.4146047395628888,-0.47735100984573364,-3.9786152839660645
vid_000287_frame0000003.jpg,vid_000287,4,0.4145464807094999,-1.8056918382644653,6.064089775085449
vid_000106_frame0000030.jpg,vid_000106,4,0.41441745703769217,1.9044121503829956,6.9279937744140625
vid_000139_frame0000001.jpg,vid_000139,6,0.41432854765375565,4.082281112670898,-3.7070677280426025
vid_000092_frame0000060.jpg,vid_000092,5,0.41432629732125,-0.5761411190032959,-8.268791198730469
vid_000271_frame0000049.jpg,vid_000271,2,0.4142762714959634,1.6215146780014038,2.978027820587158
vid_000082_frame0000001.jpg,vid_000082,5,0.41426837135461314,8.155229568481445,-3.225921869277954
vid_000285_frame0000031.jpg,vid_000285,2,0.41394564118629795,2.440223217010498,-2.4938924312591553
vid_000312_frame0000017.jpg,vid_000312,5,0.4139368621712456,3.1620912551879883,1.1521544456481934
vid_000292_frame0000004.jpg,vid_000292,4,0.41393263575949163,2.7987794876098633,5.869165420532227
vid_000204_frame0000001.jpg,vid_000204,4,0.4139273246235763,-2.5724966526031494,5.407814025878906
vid_000312_frame0000011.jpg,vid_000312,0,0.41385563400560726,-3.0260138511657715,-0.4242917597293854
vid_000076_frame0000042.jpg,vid_000076,5,0.41372956542719946,3.1500163078308105,-1.200935959815979
vid_000108_frame0000013.jpg,vid_000108,4,0.41368852822820507,-2.173377752304077,5.169092178344727
vid_000254_frame0000006.jpg,vid_000254,2,0.4136306603792826,0.6918204426765442,-3.198305130004883
vid_000206_frame0000040.jpg,vid_000206,3,0.41360955814985545,10.092386245727539,5.940641403198242
vid_000305_frame0000005.jpg,vid_000305,4,0.41349674607749837,-1.0648036003112793,11.622461318969727
vid_000283_frame0000031.jpg,vid_000283,2,0.4133626617745723,-2.901919364929199,1.2600681781768799
vid_000204_frame0000002.jpg,vid_000204,4,0.4131468375351907,-2.116730213165283,5.978546619415283
vid_000113_frame0000003.jpg,vid_000113,2,0.4130262242629694,-1.936810851097107,-3.227051019668579
vid_000109_frame0000012.jpg,vid_000109,4,0.4129699524457036,4.147431373596191,7.271488189697266
vid_000210_frame0000005.jpg,vid_000210,0,0.41295351334258196,-7.130162715911865,-4.071732997894287
vid_000276_frame0000007.jpg,vid_000276,4,0.4126884971537262,4.261743068695068,3.514606475830078
vid_000271_frame0000046.jpg,vid_000271,2,0.4126202531921994,0.27445778250694275,2.7667455673217773
vid_000306_frame0000007.jpg,vid_000306,0,0.41249376768368207,-7.131624221801758,-5.952081203460693
vid_000050_frame0000020.jpg,vid_000050,2,0.4123575088143649,-2.304462194442749,0.4835858941078186
vid_000158_frame0000014.jpg,vid_000158,6,0.4122741242271784,-0.726177453994751,-4.39077615737915
vid_000291_frame0000047.jpg,vid_000291,2,0.4122525280691576,1.8011940717697144,-5.784600257873535
vid_000101_frame0000012.jpg,vid_000101,6,0.41217930764682814,-0.4482457637786865,-8.621759414672852
vid_000276_frame0000003.jpg,vid_000276,4,0.41216150339270113,6.016081809997559,5.95030403137207
vid_000550_frame0000021.jpg,vid_000550,2,0.4120085651760777,-2.3786842823028564,-1.5430505275726318
vid_000105_frame0000042.jpg,vid_000105,1,0.41191402266180477,5.789905071258545,0.3965199887752533
vid_000082_frame0000016.jpg,vid_000082,5,0.4117141035989587,1.2945480346679688,0.07102549076080322
vid_000289_frame0000049.jpg,vid_000289,2,0.41155748564952305,-2.416146755218506,-2.1574316024780273
vid_000424_frame0000006.jpg,vid_000424,4,0.4115502536402551,1.3300718069076538,13.279245376586914
vid_000144_frame0000009.jpg,vid_000144,2,0.41144521697442343,-4.353292942047119,-7.138761520385742
vid_000160_frame0000008.jpg,vid_000160,6,0.41131977634080474,-1.2062137126922607,-7.4182658195495605
vid_000162_frame0000047.jpg,vid_000162,0,0.4110664991788324,-6.912893772125244,-5.172630310058594
vid_000204_frame0000032.jpg,vid_000204,4,0.4110561554783467,0.42622876167297363,9.419495582580566
vid_000132_frame0000025.jpg,vid_000132,2,0.41092700296226914,-1.0022884607315063,-4.793217182159424
vid_000158_frame0000098.jpg,vid_000158,6,0.4108805855835433,-7.361231327056885,-4.293337345123291
vid_000317_frame0000031.jpg,vid_000317,5,0.4108450413913261,3.0161666870117188,-5.367398738861084
vid_000293_frame0000009.jpg,vid_000293,4,0.41076930783976656,-0.16322508454322815,8.778940200805664
vid_000117_frame0000014.jpg,vid_000117,5,0.41071514270788345,-1.270018219947815,-4.571064472198486
vid_000235_frame0000032.jpg,vid_000235,5,0.4107133377049771,3.81038236618042,-0.5363176465034485
vid_000101_frame0000007.jpg,vid_000101,6,0.4106256650478932,1.6777524948120117,-6.664895534515381
vid_000165_frame0000015.jpg,vid_000165,6,0.4106134402549543,2.646329641342163,-4.399538516998291
vid_000162_frame0000016.jpg,vid_000162,2,0.4103696042316004,-2.2204222679138184,-6.795007705688477
vid_000241_frame0000008.jpg,vid_000241,6,0.41019715018132064,-3.4287209510803223,0.7919095158576965
vid_000132_frame0000043.jpg,vid_000132,5,0.4100419425170112,0.2885667681694031,-5.821817874908447
vid_000262_frame0000013.jpg,vid_000262,4,0.4100172556969453,0.6648369431495667,5.43956995010376
vid_000265_frame0000013.jpg,vid_000265,2,0.40999364401624727,1.9464858770370483,3.847466468811035
vid_000160_frame0000013.jpg,vid_000160,6,0.4099896812128442,-3.847914934158325,-5.716832160949707
vid_000281_frame0000035.jpg,vid_000281,4,0.40992984128580734,2.2586331367492676,9.759444236755371
vid_000334_frame0000002.jpg,vid_000334,2,0.4099178223338365,-5.267039775848389,-5.226485729217529
vid_000158_frame0000053.jpg,vid_000158,6,0.40986057446425467,0.5270965099334717,-4.35960054397583
vid_000284_frame0000047.jpg,vid_000284,2,0.40979377037327175,2.572071075439453,3.230079412460327
vid_000243_frame0000014.jpg,vid_000243,2,0.40977200478975057,-5.532373905181885,-2.371342658996582
vid_000160_frame0000005.jpg,vid_000160,6,0.4096437493677522,-5.217048645019531,-5.291989803314209
vid_000286_frame0000025.jpg,vid_000286,4,0.40962911504301774,6.313656330108643,9.555232048034668
vid_000078_frame0000009.jpg,vid_000078,5,0.4094452567933052,0.6087350845336914,2.516014337539673
vid_000082_frame0000005.jpg,vid_000082,5,0.4093911558581958,6.008889198303223,0.4505290687084198
vid_000332_frame0000063.jpg,vid_000332,5,0.4093397678745016,2.1958370208740234,-2.2565343379974365
vid_000076_frame0000017.jpg,vid_000076,5,0.4093359868808451,-1.5715372562408447,-1.5133676528930664
vid_000082_frame0000009.jpg,vid_000082,5,0.40915683852872897,4.1330718994140625,3.215775966644287
vid_000551_frame0000071.jpg,vid_000551,2,0.4091299676670518,-1.7508457899093628,-5.915381908416748
vid_000088_frame0000030.jpg,vid_000088,5,0.40906835140640807,0.6213697195053101,0.6334371566772461
vid_000158_frame0000092.jpg,vid_000158,6,0.4090176597060656,-6.363059997558594,-5.804033279418945
vid_000276_frame0000022.jpg,vid_000276,4,0.4089466167798036,1.7085851430892944,4.9579925537109375
vid_000285_frame0000001.jpg,vid_000285,2,0.4088994507360041,-3.4663591384887695,-1.308550477027893
vid_000332_frame0000019.jpg,vid_000332,2,0.4088094039966311,-0.5847403407096863,-0.9452331066131592
vid_000164_frame0000012.jpg,vid_000164,6,0.40870351096882773,6.407956123352051,-2.9934897422790527
vid_000107_frame0000012.jpg,vid_000107,4,0.40869896210359863,-3.032897710800171,0.037884216755628586
vid_000314_frame0000004.jpg,vid_000314,4,0.4086726406869441,-2.1249728202819824,6.13477087020874
vid_000164_frame0000019.jpg,vid_000164,6,0.4086392436570495,5.756347179412842,-5.126944065093994
vid_000119_frame0000014.jpg,vid_000119,2,0.4085832571737359,-5.668771743774414,-9.923445701599121
vid_000271_frame0000011.jpg,vid_000271,2,0.4082263372418704,-2.2492659091949463,2.143772602081299
vid_000144_frame0000019.jpg,vid_000144,0,0.40820152890538014,-7.593169212341309,-8.019049644470215
vid_000253_frame0000002.jpg,vid_000253,2,0.40819759294418545,0.6904735565185547,0.2766718864440918
vid_000149_frame0000005.jpg,vid_000149,0,0.40818590618389017,-5.765695095062256,-6.261049747467041
vid_000553_frame0000037.jpg,vid_000553,5,0.4081401362119514,-2.5822157859802246,-6.725720405578613
vid_000101_frame0000013.jpg,vid_000101,6,0.4080499309643164,-0.24017208814620972,-8.774886131286621
vid_000291_frame0000032.jpg,vid_000291,5,0.4079308019026698,3.4168617725372314,-5.409765243530273
vid_000293_frame0000004.jpg,vid_000293,4,0.40788766683923383,-1.5762107372283936,7.89139986038208
vid_000241_frame0000007.jpg,vid_000241,4,0.40787532410081473,-3.4694111347198486,2.2646257877349854
vid_000254_frame0000011.jpg,vid_000254,2,0.4078141695991632,-0.5658982992172241,-3.8429276943206787
vid_000094_frame0000066.jpg,vid_000094,5,0.4077553241312148,4.812317371368408,-1.303054690361023
vid_000076_frame0000009.jpg,vid_000076,5,0.4077498583159839,-0.7257128357887268,1.3726674318313599
vid_000210_frame0000056.jpg,vid_000210,0,0.40768743659814916,-4.214864253997803,-5.41587495803833
vid_000206_frame0000038.jpg,vid_000206,4,0.4075926908336558,2.7369511127471924,8.082839012145996
vid_000140_frame0000009.jpg,vid_000140,6,0.4075709866194825,0.9545236229896545,-1.4954078197479248
vid_000243_frame0000015.jpg,vid_000243,2,0.4075450290698903,-3.8573129177093506,-2.3709404468536377
vid_000254_frame0000001.jpg,vid_000254,2,0.4074678409614132,-3.3112244606018066,1.6535085439682007
vid_000254_frame0000010.jpg,vid_000254,2,0.4074248726341755,-1.8231751918792725,-5.08659553527832
vid_000365_frame0000027.jpg,vid_000365,2,0.4073660084628572,-2.492069959640503,2.393665075302124
vid_000290_frame0000019.jpg,vid_000290,4,0.40736077399754644,-3.6903390884399414,1.920181393623352
vid_000162_frame0000018.jpg,vid_000162,2,0.40733935628715895,-4.101065158843994,-6.977660179138184
vid_000291_frame0000076.jpg,vid_000291,1,0.4073057365744105,3.660742998123169,-5.594543933868408
vid_000444_frame0000112.jpg,vid_000444,2,0.4072648465416427,-0.8595569133758545,-0.15765903890132904
vid_000240_frame0000069.jpg,vid_000240,6,0.40719443586394605,2.366997003555298,-2.7069129943847656
vid_000292_frame0000005.jpg,vid_000292,4,0.40709624950034445,3.9738950729370117,5.9687886238098145
vid_000264_frame0000076.jpg,vid_000264,2,0.40701589335088,-3.937467098236084,0.055994004011154175
vid_000286_frame0000026.jpg,vid_000286,4,0.40700488757666964,7.499961853027344,10.256099700927734
vid_000144_frame0000035.jpg,vid_000144,2,0.40698752305095554,-4.469780445098877,-6.821990966796875
vid_000250_frame0000055.jpg,vid_000250,4,0.4068336054292221,-4.796187877655029,4.8640031814575195
vid_000334_frame0000010.jpg,vid_000334,2,0.4068061535885112,-2.740278720855713,-5.214778900146484
vid_000264_frame0000065.jpg,vid_000264,5,0.4066043704054126,7.558199405670166,2.1261777877807617
vid_000119_frame0000009.jpg,vid_000119,2,0.4062845487853188,-6.010937690734863,-10.15028190612793
vid_000082_frame0000006.jpg,vid_000082,5,0.4062679342484976,3.403773784637451,0.07506399601697922
vid_000271_frame0000014.jpg,vid_000271,2,0.4062144644296746,1.493017315864563,3.0783257484436035
vid_000281_frame0000015.jpg,vid_000281,4,0.4061205706101053,-0.11933476477861404,9.022790908813477
vid_000210_frame0000013.jpg,vid_000210,0,0.4060457459506207,-7.134642601013184,-3.859528064727783
vid_000092_frame0000063.jpg,vid_000092,5,0.4058097300467453,-2.0245790481567383,-3.081460952758789
vid_000309_frame0000032.jpg,vid_000309,3,0.40577126959234733,11.996411323547363,7.5515594482421875
vid_000160_frame0000015.jpg,vid_000160,6,0.405758110130637,-4.379845142364502,-6.374228000640869
vid_000264_frame0000067.jpg,vid_000264,2,0.4056680657548004,-1.8029555082321167,3.8851194381713867
vid_000290_frame0000006.jpg,vid_000290,4,0.40566222492235854,-0.9069223403930664,4.718393802642822
vid_000050_frame0000015.jpg,vid_000050,2,0.40563376962420233,-0.8879683613777161,-2.4480576515197754
vid_000036_frame0000001.jpg,vid_000036,5,0.4055333594399565,0.7886626720428467,-1.4643042087554932
vid_000273_frame0000011.jpg,vid_000273,3,0.4054875900745247,7.884607315063477,6.684489727020264
vid_000304_frame0000021.jpg,vid_000304,2,0.4054746700293113,1.9281907081604004,-1.7712186574935913
vid_000235_frame0000012.jpg,vid_000235,2,0.40542581681516954,-2.416872262954712,-0.18640707433223724
vid_000550_frame0000029.jpg,vid_000550,2,0.40530427214145476,-0.7838201522827148,-0.1018771380186081
vid_000271_frame0000027.jpg,vid_000271,2,0.4052896257908399,1.786880373954773,4.618117332458496
vid_000334_frame0000020.jpg,vid_000334,2,0.40523359344499177,-3.422116994857788,-1.6419023275375366
vid_000210_frame0000072.jpg,vid_000210,0,0.4051988026523258,-5.540409564971924,-2.121838331222534
vid_000108_frame0000027.jpg,vid_000108,4,0.40517260618859224,3.059847831726074,3.3664703369140625
vid_000106_frame0000025.jpg,vid_000106,4,0.40504902808283,-0.30068114399909973,5.85477876663208
vid_000334_frame0000021.jpg,vid_000334,2,0.405048721065305,-3.854278326034546,-0.22337359189987183
vid_000438_frame0000049.jpg,vid_000438,4,0.40503010460835304,4.830460548400879,10.598652839660645
vid_000268_frame0000003.jpg,vid_000268,2,0.4049399395301841,-4.334633827209473,0.18980146944522858
vid_000101_frame0000011.jpg,vid_000101,6,0.4048486768098562,1.8938103914260864,-9.291435241699219
vid_000126_frame0000018.jpg,vid_000126,0,0.40473112246100923,-7.121044635772705,-5.719277858734131
vid_000365_frame0000017.jpg,vid_000365,2,0.4045745523927335,-4.06786584854126,3.4735562801361084
vid_000288_frame0000088.jpg,vid_000288,2,0.40451398531161015,-2.30558443069458,1.7389106750488281
vid_000108_frame0000017.jpg,vid_000108,4,0.404503852807922,-0.2930581569671631,4.316022872924805
vid_000208_frame0000006.jpg,vid_000208,4,0.4044592229983463,-1.7700284719467163,9.4508056640625
vid_000257_frame0000010.jpg,vid_000257,2,0.4044200901739295,-5.199413776397705,3.994807481765747
vid_000289_frame0000067.jpg,vid_000289,2,0.4041267548535963,-3.1246554851531982,-2.6795687675476074
vid_000271_frame0000022.jpg,vid_000271,2,0.4041258960375517,-4.6182122230529785,3.151632308959961
vid_000306_frame0000003.jpg,vid_000306,0,0.40409856010935247,-8.103425979614258,-5.9191436767578125
vid_000251_frame0000001.jpg,vid_000251,4,0.40387248717534824,1.2738566398620605,8.945318222045898
vid_000119_frame0000018.jpg,vid_000119,2,0.4038642153064359,-5.786172866821289,-9.235065460205078
vid_000289_frame0000069.jpg,vid_000289,2,0.4038410602572167,-4.631194114685059,-0.7671696543693542
vid_000050_frame0000013.jpg,vid_000050,2,0.4038251861968124,-1.2422024011611938,-2.6760199069976807
vid_000123_frame0000026.jpg,vid_000123,2,0.4037460459174073,0.20835699141025543,-5.61290168762207
vid_000036_frame0000012.jpg,vid_000036,5,0.403735311731941,7.263638973236084,0.5196271538734436
vid_000304_frame0000020.jpg,vid_000304,2,0.4037300748811994,-0.6108306646347046,-1.7779065370559692
vid_000254_frame0000003.jpg,vid_000254,2,0.40367911301557635,-6.2426252365112305,0.08479975908994675
vid_000314_frame0000025.jpg,vid_000314,4,0.40357420077219563,-0.33649230003356934,6.567620277404785
vid_000369_frame0000016.jpg,vid_000369,2,0.4034735702688485,-3.767557144165039,-3.7772533893585205
vid_000291_frame0000001.jpg,vid_000291,2,0.4033926031124369,-1.8857320547103882,-4.925019264221191
vid_000234_frame0000062.jpg,vid_000234,4,0.40338123543730176,0.21992821991443634,8.618134498596191
vid_000208_frame0000005.jpg,vid_000208,4,0.40337454187877364,-3.1634697914123535,7.715643405914307
vid_000309_frame0000034.jpg,vid_000309,4,0.40324550230501527,8.629777908325195,8.754344940185547
vid_000284_frame0000052.jpg,vid_000284,2,0.403237944266261,0.3037711977958679,2.8861613273620605
vid_000291_frame0000057.jpg,vid_000291,1,0.40318558116625935,5.001101016998291,-2.788970470428467
vid_000251_frame0000009.jpg,vid_000251,4,0.4030966417233181,2.0761828422546387,8.725308418273926
vid_000166_frame0000007.jpg,vid_000166,6,0.40308429640206944,1.147638201713562,-3.1259496212005615
vid_000306_frame0000009.jpg,vid_000306,0,0.40295290712618065,-6.982014179229736,-5.66368293762207
vid_000210_frame0000011.jpg,vid_000210,0,0.40291480089834725,-8.015087127685547,-4.111202239990234
vid_000265_frame0000024.jpg,vid_000265,2,0.4027880616463573,1.909379243850708,2.7727479934692383
vid_000264_frame0000025.jpg,vid_000264,2,0.40273403204741914,-1.3120380640029907,-1.2325356006622314
vid_000251_frame0000005.jpg,vid_000251,4,0.40251081476166933,4.626880645751953,9.48498821258545
vid_000144_frame0000027.jpg,vid_000144,0,0.4023393130503797,-5.938765048980713,-7.3762946128845215
vid_000235_frame0000037.jpg,vid_000235,5,0.40233145759837297,4.467872619628906,-3.2546470165252686
vid_000314_frame0000003.jpg,vid_000314,4,0.4022871214097657,-1.4115731716156006,6.366701602935791
vid_000334_frame0000023.jpg,vid_000334,0,0.40226103774448113,-4.2658610343933105,-0.3394003212451935
vid_000132_frame0000060.jpg,vid_000132,5,0.40185041719740616,-2.4733078479766846,-5.377920627593994
vid_000254_frame0000009.jpg,vid_000254,2,0.4018456617991473,-3.7769250869750977,-4.340435981750488
vid_000251_frame0000003.jpg,vid_000251,4,0.40175387770978294,0.5559261441230774,10.783034324645996
vid_000349_frame0000096.jpg,vid_000349,2,0.4016726735521243,-2.6423568725585938,-1.3373961448669434
vid_000262_frame0000003.jpg,vid_000262,4,0.4016527985336581,-1.4842443466186523,8.937409400939941
vid_000268_frame0000001.jpg,vid_000268,2,0.40157387035006953,-5.431027412414551,0.3331206440925598
vid_000334_frame0000009.jpg,vid_000334,2,0.4014961889410254,-3.6230525970458984,-4.108035087585449
vid_000268_frame0000002.jpg,vid_000268,2,0.4014462871910956,-5.789926052093506,0.9427334666252136
vid_000132_frame0000019.jpg,vid_000132,2,0.4013102013319899,-3.015697479248047,-4.556614875793457
vid_000149_frame0000016.jpg,vid_000149,0,0.401300531615293,-6.382876873016357,-6.972279071807861
vid_000254_frame0000013.jpg,vid_000254,2,0.401245332783421,0.2599925398826599,-4.755495548248291
vid_000264_frame0000069.jpg,vid_000264,2,0.4011979619847811,-4.179813385009766,1.730507254600525
vid_000160_frame0000004.jpg,vid_000160,6,0.4011977669952429,-5.253466606140137,-6.054599761962891
vid_000082_frame0000013.jpg,vid_000082,5,0.40109603942887134,0.9264687895774841,1.9058353900909424
vid_000337_frame0000160.jpg,vid_000337,0,0.40100546735026427,-5.477483749389648,1.4218592643737793
vid_000311_frame0000009.jpg,vid_000311,4,0.40098595828547656,-0.6089186072349548,10.35788345336914
vid_000132_frame0000055.jpg,vid_000132,2,0.4009838589789229,-1.4953054189682007,-5.786776065826416
vid_000119_frame0000007.jpg,vid_000119,2,0.40097391548104255,-7.879725933074951,-9.831087112426758
vid_000106_frame0000023.jpg,vid_000106,4,0.40094406725378084,-1.208309292793274,6.831691741943359
vid_000208_frame0000007.jpg,vid_000208,4,0.40088908477172697,-0.6096903681755066,6.587248802185059
vid_000438_frame0000038.jpg,vid_000438,4,0.4007910290589719,-0.781327486038208,10.916975021362305
vid_000326_frame0000013.jpg,vid_000326,2,0.40071549324475275,-4.826480865478516,-1.2329121828079224
vid_000369_frame0000015.jpg,vid_000369,2,0.4005890806450443,-3.061652660369873,-5.490448951721191
vid_000281_frame0000011.jpg,vid_000281,4,0.4004901325129781,-0.9943965673446655,9.971802711486816
vid_000272_frame0000014.jpg,vid_000272,2,0.4003968881205158,-6.4768829345703125,-1.4877820014953613
vid_000309_frame0000019.jpg,vid_000309,4,0.40037915813102354,-0.15689098834991455,7.89248514175415
vid_000210_frame0000076.jpg,vid_000210,0,0.400361750511268,-8.862744331359863,-3.772099256515503
vid_000268_frame0000016.jpg,vid_000268,2,0.4003507436818891,-2.933666706085205,0.08274304866790771
vid_000289_frame0000035.jpg,vid_000289,2,0.40015340765868557,-4.055665016174316,-3.4287004470825195
vid_000149_frame0000007.jpg,vid_000149,0,0.39994140751465307,-7.715047359466553,-5.206278324127197
vid_000120_frame0000018.jpg,vid_000120,6,0.39993437087982475,2.057992935180664,-4.3944854736328125
vid_000162_frame0000008.jpg,vid_000162,0,0.3999143567909411,-9.278660774230957,-6.246608734130859
vid_000264_frame0000022.jpg,vid_000264,2,0.3998688883793033,-2.010528087615967,0.06521977484226227
vid_000288_frame0000012.jpg,vid_000288,2,0.3997455240830932,-2.6350114345550537,-1.1892858743667603
vid_000127_frame0000006.jpg,vid_000127,0,0.39972170088514547,-12.133739471435547,-3.6200754642486572
vid_000326_frame0000022.jpg,vid_000326,2,0.3996210608284101,-3.955411434173584,-1.765407681465149
vid_000157_frame0000025.jpg,vid_000157,6,0.3995101177465705,-2.226891040802002,-3.8875277042388916
vid_000108_frame0000025.jpg,vid_000108,4,0.39937549900402713,3.350569486618042,5.36513614654541
vid_000289_frame0000020.jpg,vid_000289,2,0.39937379356872954,-4.961215972900391,-2.223665714263916
vid_000257_frame0000005.jpg,vid_000257,2,0.3993507508215392,-6.144282341003418,3.2732584476470947
vid_000330_frame0000020.jpg,vid_000330,5,0.39932835983402015,-3.6110310554504395,-4.057308197021484
vid_000210_frame0000030.jpg,vid_000210,0,0.39928978601487075,-7.856125354766846,-2.998910427093506
vid_000050_frame0000023.jpg,vid_000050,2,0.39911535655885366,-0.7035262584686279,2.064500331878662
vid_000078_frame0000011.jpg,vid_000078,2,0.3990990244435912,-1.5777193307876587,2.1339244842529297
vid_000365_frame0000020.jpg,vid_000365,2,0.399079150032474,-2.1227610111236572,2.664858341217041
vid_000254_frame0000004.jpg,vid_000254,2,0.39898678715826,-6.660495758056641,-0.592018187046051
vid_000127_frame0000042.jpg,vid_000127,0,0.39896611156858114,-10.690319061279297,-5.175639629364014
vid_000108_frame0000023.jpg,vid_000108,4,0.39883867663382266,3.0171828269958496,4.285533428192139
vid_000092_frame0000056.jpg,vid_000092,5,0.3987316030753984,-3.7116785049438477,-4.003526210784912
vid_000108_frame0000001.jpg,vid_000108,4,0.3986380749581147,-5.485694408416748,6.977904796600342
vid_000285_frame0000041.jpg,vid_000285,2,0.3986058148530265,3.8306586742401123,-3.60115122795105
vid_000206_frame0000011.jpg,vid_000206,4,0.3984869360418384,-4.22926139831543,4.037118434906006
vid_000309_frame0000062.jpg,vid_000309,4,0.3984060131047661,1.6552306413650513,7.610013961791992
vid_000424_frame0000001.jpg,vid_000424,4,0.3982188396676134,0.9306301474571228,12.026325225830078
vid_000312_frame0000010.jpg,vid_000312,0,0.3980838690577593,-3.5602002143859863,-0.3645927906036377
vid_000293_frame0000001.jpg,vid_000293,4,0.3979713359962528,-2.426628589630127,8.518077850341797
vid_000076_frame0000001.jpg,vid_000076,5,0.3979365094347461,1.5597983598709106,-1.4777063131332397
vid_000281_frame0000039.jpg,vid_000281,4,0.3977985791343906,-4.342805862426758,12.562606811523438
vid_000244_frame0000010.jpg,vid_000244,2,0.3977720979676916,-1.25235116481781,2.474754571914673
vid_000306_frame0000008.jpg,vid_000306,0,0.3977216374820909,-9.300853729248047,-5.72721529006958
vid_000139_frame0000002.jpg,vid_000139,6,0.39771559377701693,4.142258167266846,-2.259376287460327
vid_000285_frame0000090.jpg,vid_000285,2,0.3975959608174236,2.1588878631591797,-3.471417188644409
vid_000115_frame0000041.jpg,vid_000115,2,0.39753716355379437,-0.9353039860725403,-8.274686813354492
vid_000550_frame0000026.jpg,vid_000550,5,0.3975279790195063,-0.9302248954772949,-1.238381266593933
vid_000362_frame0000013.jpg,vid_000362,5,0.3975110016461655,6.1118597984313965,-1.3334981203079224
vid_000119_frame0000013.jpg,vid_000119,2,0.39742258563302324,-7.825438499450684,-9.286803245544434
vid_000127_frame0000007.jpg,vid_000127,0,0.3974035702210922,-11.505842208862305,-2.723510503768921
vid_000253_frame0000001.jpg,vid_000253,2,0.3974006627752369,-2.603555679321289,0.037991348654031754
vid_000149_frame0000002.jpg,vid_000149,0,0.3973693652663423,-7.289349555969238,-6.367411136627197
vid_000207_frame0000018.jpg,vid_000207,4,0.3973340574940373,-2.371782064437866,10.395161628723145
vid_000210_frame0000003.jpg,vid_000210,0,0.3972764080431451,-9.331219673156738,-3.757122039794922
vid_000242_frame0000007.jpg,vid_000242,2,0.39721094445023714,-1.6016093492507935,-2.5900237560272217
vid_000288_frame0000052.jpg,vid_000288,0,0.39716979780075395,-3.114208459854126,2.3569488525390625
vid_000288_frame0000070.jpg,vid_000288,2,0.39714492786052574,-2.808511972427368,-3.2504990100860596
vid_000149_frame0000006.jpg,vid_000149,0,0.39708401995764725,-7.779685974121094,-6.124295711517334
vid_000037_frame0000003.jpg,vid_000037,6,0.3970781461049693,0.3811289072036743,-3.50984787940979
vid_000304_frame0000022.jpg,vid_000304,2,0.39696638083675223,1.4412416219711304,-2.2208592891693115
vid_000020_frame0000002.jpg,vid_000020,0,0.3968025243459764,-4.324681758880615,2.5968902111053467
vid_000265_frame0000006.jpg,vid_000265,2,0.396800035628674,-5.490138530731201,2.37296986579895
vid_000314_frame0000002.jpg,vid_000314,4,0.3967541806414643,-3.60695219039917,4.930357456207275
vid_000550_frame0000027.jpg,vid_000550,2,0.39672316136745156,-1.878690242767334,-2.0198185443878174
vid_000207_frame0000013.jpg,vid_000207,4,0.3967004425972562,-2.1674270629882812,10.844847679138184
vid_000303_frame0000008.jpg,vid_000303,4,0.3966816306398281,-5.518325328826904,4.655805587768555
vid_000092_frame0000002.jpg,vid_000092,5,0.3966701287791349,-3.302220582962036,-5.904438495635986
vid_000309_frame0000004.jpg,vid_000309,4,0.3966648368945492,1.1134765148162842,6.026055335998535
vid_000309_frame0000031.jpg,vid_000309,3,0.3966070046070824,9.063008308410645,5.013758659362793
vid_000119_frame0000004.jpg,vid_000119,2,0.39659710126335995,-5.110424518585205,-9.234025001525879
vid_000303_frame0000005.jpg,vid_000303,4,0.3965716947772512,-6.1119842529296875,2.6884007453918457
vid_000365_frame0000013.jpg,vid_000365,4,0.39651746774266244,-4.512746810913086,3.861783504486084
vid_000437_frame0000051.jpg,vid_000437,4,0.39647200912531766,-2.550436019897461,10.682204246520996
vid_000306_frame0000010.jpg,vid_000306,0,0.39645379031195366,-8.101679801940918,-5.774026393890381
vid_000149_frame0000025.jpg,vid_000149,2,0.3963135457311004,-5.12025260925293,-7.622655868530273
vid_000127_frame0000010.jpg,vid_000127,0,0.3962547654536936,-11.609668731689453,-2.87347149848938
vid_000206_frame0000010.jpg,vid_000206,4,0.39623787347201955,-3.2825613021850586,4.028482437133789
vid_000551_frame0000086.jpg,vid_000551,2,0.39608743422680653,-3.7096455097198486,-1.197749137878418
vid_000162_frame0000028.jpg,vid_000162,2,0.39598694042424964,-6.217216491699219,-5.890802383422852
vid_000271_frame0000008.jpg,vid_000271,2,0.3959140557182979,-3.5814359188079834,2.9017648696899414
vid_000274_frame0000006.jpg,vid_000274,2,0.3958545597591871,-6.766071796417236,1.3720917701721191
vid_000153_frame0000009.jpg,vid_000153,0,0.395799163953321,-4.773768424987793,-0.8403214812278748
vid_000036_frame0000007.jpg,vid_000036,6,0.3957269441427356,0.5260313749313354,-2.8624680042266846
vid_000273_frame0000005.jpg,vid_000273,2,0.3956390809486142,-5.3875250816345215,3.8612871170043945
vid_000111_frame0000013.jpg,vid_000111,2,0.39563646664763424,-8.952320098876953,-8.580620765686035
vid_000296_frame0000033.jpg,vid_000296,6,0.3956050379902878,-6.308822154998779,-4.279531955718994
vid_000264_frame0000072.jpg,vid_000264,2,0.3955268706449435,-2.834653377532959,1.7661783695220947
vid_000241_frame0000015.jpg,vid_000241,0,0.39551483283546573,-11.001700401306152,-0.8370199203491211
vid_000241_frame0000014.jpg,vid_000241,0,0.3955102846833706,-10.109582901000977,-0.6892827749252319
vid_000283_frame0000054.jpg,vid_000283,0,0.3954754503244087,-6.26814603805542,0.9993289113044739
vid_000281_frame0000013.jpg,vid_000281,4,0.3954659281841847,-2.458124876022339,9.738317489624023
vid_000271_frame0000051.jpg,vid_000271,2,0.39546164823811186,-4.123345375061035,1.4229100942611694
vid_000244_frame0000013.jpg,vid_000244,2,0.39542006073571473,-3.6176891326904297,1.922035574913025
vid_000241_frame0000005.jpg,vid_000241,0,0.39539960555788967,-9.876481056213379,1.1640336513519287
vid_000111_frame0000006.jpg,vid_000111,0,0.39536008217993285,-10.884749412536621,-9.40880012512207
vid_000345_frame0000016.jpg,vid_000345,0,0.39535234065672425,-8.571573257446289,1.339601755142212
vid_000127_frame0000005.jpg,vid_000127,0,0.3952788165151622,-12.164032936096191,-4.135076522827148
vid_000343_frame0000015.jpg,vid_000343,0,0.39527649570682133,-2.9982359409332275,-0.3768797218799591
vid_000131_frame0000019.jpg,vid_000131,0,0.3952402844458211,-5.039503574371338,-2.174647808074951
vid_000274_frame0000010.jpg,vid_000274,2,0.3950568091467922,-3.2297966480255127,3.526052951812744
vid_000204_frame0000012.jpg,vid_000204,4,0.3950372883198172,-1.296044111251831,7.681797981262207
vid_000257_frame0000008.jpg,vid_000257,2,0.3950219084147491,-7.124987602233887,3.029013156890869
vid_000106_frame0000003.jpg,vid_000106,4,0.3950106190874711,-2.020742177963257,7.563007831573486
vid_000149_frame0000020.jpg,vid_000149,2,0.39500768583838813,-6.396773815155029,-5.836496829986572
vid_000160_frame0000014.jpg,vid_000160,6,0.3949714399516006,-6.096811771392822,-5.905282497406006
vid_000304_frame0000023.jpg,vid_000304,2,0.3949529057654389,-1.4429854154586792,-0.8635767698287964
vid_000551_frame0000085.jpg,vid_000551,0,0.3948691039881431,-7.452445983886719,-3.4603829383850098
vid_000132_frame0000090.jpg,vid_000132,0,0.394638892101139,-9.780200958251953,-6.949467182159424
vid_000069_frame0000070.jpg,vid_000069,2,0.3944879629858404,-2.176307439804077,-4.850064277648926
vid_000126_frame0000014.jpg,vid_000126,0,0.394311283572851,-6.4494547843933105,-5.273926258087158
vid_000050_frame0000022.jpg,vid_000050,2,0.39426586079923387,-3.6079132556915283,1.076806902885437
vid_000240_frame0000060.jpg,vid_000240,2,0.39421073971513393,0.1797589808702469,0.14601390063762665
vid_000272_frame0000015.jpg,vid_000272,2,0.3941999907780037,-5.934391498565674,-0.6880657076835632
vid_000309_frame0000009.jpg,vid_000309,4,0.3941652937078925,-0.5484647154808044,6.396252155303955
vid_000271_frame0000016.jpg,vid_000271,2,0.3941426925181719,1.843540906906128,3.158055543899536
vid_000349_frame0000081.jpg,vid_000349,5,0.3941423677348116,-1.6595594882965088,-3.9782474040985107
vid_000123_frame0000046.jpg,vid_000123,2,0.39411372905337255,-9.84005355834961,-7.18681001663208
vid_000127_frame0000008.jpg,vid_000127,0,0.39382253566081377,-10.449328422546387,-2.2538084983825684
vid_000362_frame0000019.jpg,vid_000362,0,0.3938097605788072,-4.7805495262146,-1.057102084159851
vid_000345_frame0000007.jpg,vid_000345,0,0.39361571068532214,-8.893681526184082,0.38340118527412415
vid_000127_frame0000044.jpg,vid_000127,0,0.39336332848621675,-10.862167358398438,-4.531173229217529
vid_000283_frame0000008.jpg,vid_000283,0,0.3933628850001673,-7.339686870574951,0.016907911747694016
vid_000295_frame0000024.jpg,vid_000295,2,0.3932550947088969,-4.442371368408203,-1.2393193244934082
vid_000272_frame0000019.jpg,vid_000272,2,0.3931092616262453,-9.311020851135254,-0.04367327317595482
vid_000149_frame0000012.jpg,vid_000149,0,0.39308119807984115,-8.468652725219727,-6.611728191375732
vid_000289_frame0000040.jpg,vid_000289,2,0.3930527512399382,-3.451267957687378,-3.4768002033233643
vid_000265_frame0000026.jpg,vid_000265,2,0.3929512990327888,-5.669855117797852,2.3479182720184326
vid_000274_frame0000009.jpg,vid_000274,2,0.3929488754566667,-1.8086124658584595,1.889188289642334
vid_000204_frame0000008.jpg,vid_000204,4,0.39293790106828586,-1.495788812637329,7.1599273681640625
vid_000171_frame0000001.jpg,vid_000171,4,0.3929125537309365,-5.897133827209473,5.981658458709717
vid_000206_frame0000027.jpg,vid_000206,4,0.39289777900174444,-5.830246925354004,4.319896697998047
vid_000303_frame0000006.jpg,vid_000303,4,0.3928489960882606,-6.906609535217285,4.228483200073242
vid_000334_frame0000003.jpg,vid_000334,0,0.39277870099008577,-8.186360359191895,-4.956944465637207
vid_000262_frame0000001.jpg,vid_000262,4,0.3927650358802698,-3.3088693618774414,9.39327335357666
vid_000208_frame0000002.jpg,vid_000208,4,0.3927308351349602,-3.102534770965576,9.78993034362793
vid_000171_frame0000004.jpg,vid_000171,4,0.39266111879516574,-5.16146993637085,6.660118103027344
vid_000108_frame0000015.jpg,vid_000108,4,0.3926155285348247,-3.027459144592285,3.168348550796509
vid_000162_frame0000045.jpg,vid_000162,0,0.3926123570835208,-6.737240314483643,-5.2958760261535645
vid_000210_frame0000052.jpg,vid_000210,0,0.392603786364225,-7.204998970031738,-5.830742359161377
vid_000285_frame0000100.jpg,vid_000285,2,0.39255821426933435,1.2073004245758057,-3.792252540588379
vid_000212_frame0000010.jpg,vid_000212,6,0.39243577170297267,0.03094371035695076,-0.3802052438259125
vid_000207_frame0000012.jpg,vid_000207,4,0.3923758109235544,-4.429529666900635,9.366842269897461
vid_000284_frame0000044.jpg,vid_000284,2,0.3922867838473845,1.8333395719528198,2.594874620437622
vid_000117_frame0000003.jpg,vid_000117,2,0.39228410941209657,-8.600473403930664,-8.632511138916016
vid_000301_frame0000011.jpg,vid_000301,4,0.3922387364017257,-5.828244209289551,9.070059776306152
vid_000149_frame0000021.jpg,vid_000149,0,0.39223511402835537,-7.006612777709961,-5.762330532073975
vid_000126_frame0000017.jpg,vid_000126,0,0.3922076037895409,-7.082403182983398,-4.558883190155029
vid_000120_frame0000019.jpg,vid_000120,6,0.3921687484961725,0.5613299012184143,-3.4770164489746094
vid_000108_frame0000009.jpg,vid_000108,4,0.3921240221363375,-2.8350002765655518,4.854971885681152
vid_000264_frame0000018.jpg,vid_000264,2,0.39205899074881323,-3.259680986404419,1.0743334293365479
vid_000208_frame0000001.jpg,vid_000208,4,0.3919007880100511,-4.240199565887451,7.755780220031738
vid_000088_frame0000006.jpg,vid_000088,5,0.39179267923494904,1.0334477424621582,-1.0738475322723389
vid_000207_frame0000010.jpg,vid_000207,4,0.3915544468360419,-2.910658836364746,12.033223152160645
vid_000331_frame0000200.jpg,vid_000331,2,0.3915408139953052,-4.069657802581787,0.8680903315544128
vid_000268_frame0000015.jpg,vid_000268,2,0.39147271374905657,-4.509971618652344,-2.3620312213897705
vid_000207_frame0000011.jpg,vid_000207,4,0.3913967975606759,-2.6154181957244873,9.96382999420166
vid_000321_frame0000020.jpg,vid_000321,6,0.3913001726077074,-4.648500442504883,-5.206669807434082
vid_000301_frame0000003.jpg,vid_000301,4,0.39109224085431205,-4.57999849319458,6.243899345397949
vid_000210_frame0000068.jpg,vid_000210,0,0.39107586700070607,-8.54097843170166,-7.2121429443359375
vid_000171_frame0000010.jpg,vid_000171,4,0.3910400990172434,-4.109488487243652,7.049676895141602
vid_000309_frame0000002.jpg,vid_000309,4,0.39097196975317544,2.4903719425201416,9.92791748046875
vid_000037_frame0000007.jpg,vid_000037,0,0.3909248341558284,-3.2007904052734375,-2.2933201789855957
vid_000338_frame0000017.jpg,vid_000338,0,0.39073249137975113,-6.937378883361816,-0.877020001411438
vid_000169_frame0000007.jpg,vid_000169,4,0.39064759906528623,-5.311560153961182,8.059511184692383
vid_000261_frame0000021.jpg,vid_000261,0,0.39064102491561203,-5.811263084411621,-2.153099298477173
vid_000283_frame0000072.jpg,vid_000283,0,0.39056833146546854,-8.315388679504395,0.44063347578048706
vid_000331_frame0000205.jpg,vid_000331,2,0.39046613780667927,-3.400824546813965,0.6871407628059387
vid_000126_frame0000026.jpg,vid_000126,0,0.3904270800329268,-7.113428592681885,-5.345637798309326
vid_000432_frame0000002.jpg,vid_000432,2,0.39035636640732546,-3.9482858180999756,2.3879613876342773
vid_000076_frame0000040.jpg,vid_000076,5,0.39034366823954314,8.464051246643066,-1.3344104290008545
vid_000311_frame0000002.jpg,vid_000311,4,0.3903184840364526,-2.4412119388580322,7.7191948890686035
vid_000308_frame0000007.jpg,vid_000308,4,0.3902462793244753,-5.638833999633789,5.892092704772949
vid_000241_frame0000006.jpg,vid_000241,0,0.39022507154912117,-7.560357570648193,1.0310218334197998
vid_000291_frame0000006.jpg,vid_000291,2,0.3900788342144494,-5.664502143859863,-6.330334663391113
vid_000345_frame0000011.jpg,vid_000345,0,0.39001330316399685,-9.572735786437988,0.09956098347902298
vid_000257_frame0000015.jpg,vid_000257,0,0.3899300484954504,-7.935077667236328,2.6741786003112793
vid_000266_frame0000012.jpg,vid_000266,2,0.38989948708542554,-6.419553279876709,-2.959049701690674
vid_000076_frame0000023.jpg,vid_000076,2,0.3898762839836882,-5.014845848083496,-2.659221887588501
vid_000264_frame0000027.jpg,vid_000264,2,0.38977148667743666,-4.137560844421387,0.3349839448928833
vid_000437_frame0000046.jpg,vid_000437,4,0.38960758672928053,-3.8281280994415283,7.967075347900391
vid_000126_frame0000025.jpg,vid_000126,0,0.3895616381686081,-6.490677833557129,-5.336004257202148
vid_000235_frame0000007.jpg,vid_000235,2,0.3895393041808777,-4.418990135192871,-0.30036312341690063
vid_000149_frame0000017.jpg,vid_000149,0,0.389534326583652,-7.970527648925781,-6.121709823608398
vid_000321_frame0000015.jpg,vid_000321,0,0.38950500719866693,-6.17185115814209,-6.708061218261719
vid_000265_frame0000027.jpg,vid_000265,2,0.38941058453263694,-7.352182865142822,1.596906065940857
vid_000170_frame0000007.jpg,vid_000170,2,0.38930557860577575,-6.486504554748535,-1.5342376232147217
vid_000442_frame0000019.jpg,vid_000442,4,0.3890358598845908,-3.1111364364624023,3.3498153686523438
vid_000272_frame0000012.jpg,vid_000272,2,0.38899154168376043,-8.47709846496582,0.82733154296875
vid_000106_frame0000016.jpg,vid_000106,4,0.38898667093896805,-3.39200758934021,6.772466659545898
vid_000281_frame0000001.jpg,vid_000281,4,0.38897381953986787,-6.215683460235596,10.206727981567383
vid_000202_frame0000011.jpg,vid_000202,0,0.38892802135468235,-11.383294105529785,-5.988147735595703
vid_000108_frame0000003.jpg,vid_000108,4,0.38891302411250395,-4.738452434539795,5.812583923339844
vid_000283_frame0000018.jpg,vid_000283,0,0.3888817512444487,-6.101857662200928,1.338394284248352
vid_000131_frame0000027.jpg,vid_000131,0,0.38886023779404916,-12.475729942321777,-3.8356003761291504
vid_000311_frame0000004.jpg,vid_000311,4,0.38884208188836816,-2.867885112762451,11.078822135925293
vid_000206_frame0000008.jpg,vid_000206,4,0.38876822481791895,-4.951656818389893,5.013411998748779
vid_000288_frame0000039.jpg,vid_000288,0,0.3886266014117542,-5.093765735626221,0.5803515911102295
vid_000365_frame0000019.jpg,vid_000365,2,0.3886131746515591,-5.329010486602783,2.3584182262420654
vid_000169_frame0000003.jpg,vid_000169,4,0.3885722731392901,-5.620467185974121,7.614187240600586
vid_000308_frame0000014.jpg,vid_000308,4,0.38849026944103837,-2.6977016925811768,6.109494209289551
vid_000311_frame0000010.jpg,vid_000311,4,0.3884377159195891,-0.3946058750152588,9.389782905578613
vid_000206_frame0000034.jpg,vid_000206,4,0.3884172223523854,-3.6359364986419678,7.077979564666748
vid_000206_frame0000021.jpg,vid_000206,4,0.3883554904087639,-5.666787624359131,4.026241302490234
vid_000368_frame0000037.jpg,vid_000368,5,0.3882076762647624,-2.3811211585998535,0.49602240324020386
vid_000044_frame0000020.jpg,vid_000044,0,0.3881943101322885,-7.415068626403809,1.994460105895996
vid_000303_frame0000003.jpg,vid_000303,4,0.3880790619043757,-6.061415195465088,4.358674049377441
vid_000305_frame0000007.jpg,vid_000305,4,0.3880337072394973,-3.513934373855591,8.823660850524902
vid_000312_frame0000006.jpg,vid_000312,0,0.38799288145080146,-6.440536975860596,-0.8620507121086121
vid_000254_frame0000019.jpg,vid_000254,2,0.38795828652033776,-3.1130199432373047,-2.8931808471679688
vid_000437_frame0000011.jpg,vid_000437,4,0.3879381729473039,-4.141813278198242,11.589832305908203
vid_000311_frame0000014.jpg,vid_000311,4,0.3876812628207419,-3.7043464183807373,8.981266021728516
vid_000264_frame0000029.jpg,vid_000264,2,0.3876772367180853,-5.180171012878418,-0.5072572827339172
vid_000131_frame0000021.jpg,vid_000131,0,0.3876644311144296,-5.154348850250244,-2.918055534362793
vid_000339_frame0000013.jpg,vid_000339,0,0.38762288386900656,-8.09860897064209,2.805265426635742
vid_000338_frame0000005.jpg,vid_000338,0,0.38762027198322596,-11.038068771362305,2.74420166015625
vid_000127_frame0000045.jpg,vid_000127,0,0.387483880072467,-10.41362476348877,-4.550558567047119
vid_000321_frame0000014.jpg,vid_000321,0,0.3874584145246744,-6.4964799880981445,-6.0936479568481445
vid_000131_frame0000024.jpg,vid_000131,0,0.38745796552714884,-13.00853157043457,-3.7238049507141113
vid_000206_frame0000016.jpg,vid_000206,4,0.3874100040387202,-5.062809944152832,6.779978275299072
vid_000295_frame0000022.jpg,vid_000295,0,0.38736150808283637,-6.895548343658447,1.1352803707122803
vid_000339_frame0000017.jpg,vid_000339,0,0.3872329026557568,-6.120606899261475,0.4050300419330597
vid_000285_frame0000130.jpg,vid_000285,2,0.38721528783049375,2.069770574569702,-2.4635677337646484
vid_000365_frame0000029.jpg,vid_000365,2,0.38696592218979164,-3.661250591278076,2.5728602409362793
vid_000171_frame0000013.jpg,vid_000171,4,0.386945804883961,-4.934980869293213,6.4619317054748535
vid_000171_frame0000015.jpg,vid_000171,4,0.3868279079653538,-2.853353500366211,7.457362174987793
vid_000244_frame0000009.jpg,vid_000244,2,0.3868108635765469,-5.1564860343933105,2.626307487487793
vid_000131_frame0000017.jpg,vid_000131,0,0.38680889929222134,-8.233469009399414,-4.292163372039795
vid_000106_frame0000019.jpg,vid_000106,4,0.3868034459256545,-3.403716802597046,8.142643928527832
vid_000202_frame0000012.jpg,vid_000202,0,0.3867753742826728,-11.937182426452637,-6.171558380126953
vid_000265_frame0000005.jpg,vid_000265,2,0.38668746887412575,-7.325253963470459,2.187530279159546
vid_000206_frame0000037.jpg,vid_000206,4,0.38663138142735887,-5.640800476074219,5.241287708282471
vid_000272_frame0000017.jpg,vid_000272,2,0.3866001834643693,-6.882668972015381,0.28013256192207336
vid_000273_frame0000004.jpg,vid_000273,2,0.38649779356959274,-6.826766490936279,0.9215022921562195
vid_000073_frame0000001.jpg,vid_000073,5,0.386442935582398,2.556011199951172,-2.7941908836364746
vid_000338_frame0000010.jpg,vid_000338,0,0.3863781106834351,-10.997308731079102,1.7704519033432007
vid_000551_frame0000090.jpg,vid_000551,0,0.3862772097378171,-6.893445014953613,-2.963348388671875
vid_000140_frame0000005.jpg,vid_000140,2,0.3862485527061724,-6.713379383087158,-5.004953384399414
vid_000076_frame0000003.jpg,vid_000076,5,0.3862066516148411,0.7802606821060181,-2.1665515899658203
vid_000244_frame0000006.jpg,vid_000244,2,0.3859861720191003,-9.738911628723145,0.7278745770454407
vid_000264_frame0000016.jpg,vid_000264,2,0.3859099440524947,-5.981698989868164,0.6571445465087891
vid_000295_frame0000005.jpg,vid_000295,0,0.3858503250019584,-7.321169376373291,0.6085885167121887
vid_000362_frame0000014.jpg,vid_000362,5,0.38576091639219096,1.357488751411438,-1.0785655975341797
vid_000266_frame0000006.jpg,vid_000266,2,0.38571490925129504,-9.494012832641602,-0.20238536596298218
vid_000257_frame0000016.jpg,vid_000257,0,0.38557205535241,-7.242871284484863,3.0568349361419678
vid_000235_frame0000017.jpg,vid_000235,2,0.3854028054361724,-4.464230537414551,-1.8369816541671753
vid_000272_frame0000010.jpg,vid_000272,2,0.385375431542157,-8.473434448242188,1.1455981731414795
vid_000338_frame0000004.jpg,vid_000338,0,0.38532711269358927,-10.567440032958984,1.8991731405258179
vid_000106_frame0000041.jpg,vid_000106,4,0.3852948289803667,-5.234818458557129,7.168089389801025
vid_000339_frame0000018.jpg,vid_000339,0,0.38525313431589464,-7.178433418273926,3.879218816757202
vid_000338_frame0000015.jpg,vid_000338,0,0.38516722756987454,-11.048295021057129,0.7173254489898682
vid_000026_frame0000013.jpg,vid_000026,0,0.3851456785577572,-11.37104320526123,-2.651468515396118
vid_000338_frame0000012.jpg,vid_000338,0,0.3851317756054781,-12.109437942504883,0.016896264627575874
vid_000168_frame0000007.jpg,vid_000168,0,0.38511304080485864,-8.642497062683105,-4.634488582611084
vid_000309_frame0000008.jpg,vid_000309,4,0.3850629211518442,-5.983082294464111,3.405829668045044
vid_000264_frame0000020.jpg,vid_000264,2,0.3850404958989396,-4.818412780761719,0.46891504526138306
vid_000261_frame0000023.jpg,vid_000261,0,0.3849644151276826,-8.1542329788208,-1.7375781536102295
vid_000295_frame0000019.jpg,vid_000295,0,0.38491445370679567,-7.099796772003174,1.0905773639678955
vid_000207_frame0000004.jpg,vid_000207,4,0.38490935756740174,-5.11669921875,8.11502456665039
vid_000338_frame0000002.jpg,vid_000338,0,0.3848936510167101,-11.031609535217285,2.1457669734954834
vid_000170_frame0000008.jpg,vid_000170,2,0.3848572754612086,-6.863541603088379,-0.9850819110870361
vid_000311_frame0000001.jpg,vid_000311,4,0.384847579277514,-3.8599488735198975,8.07320785522461
vid_000301_frame0000001.jpg,vid_000301,4,0.3848250429079916,-4.614541530609131,8.108072280883789
vid_000069_frame0000030.jpg,vid_000069,2,0.38477319233272866,-4.532428741455078,-4.197147369384766
vid_000123_frame0000014.jpg,vid_000123,2,0.3846384469961242,-10.124855041503906,-6.370127201080322
vid_000305_frame0000001.jpg,vid_000305,4,0.38461955162443356,-3.9932782649993896,9.039124488830566
vid_000438_frame0000044.jpg,vid_000438,4,0.3844572400116853,1.1946858167648315,10.174792289733887
vid_000168_frame0000003.jpg,vid_000168,0,0.38425605776246236,-13.914802551269531,-5.084417819976807
vid_000106_frame0000032.jpg,vid_000106,4,0.3842435709650245,-2.5446128845214844,9.109257698059082
vid_000210_frame0000084.jpg,vid_000210,0,0.38419444044313594,-12.077861785888672,-4.204331398010254
vid_000309_frame0000021.jpg,vid_000309,4,0.38414399333289156,-1.6768807172775269,11.721941947937012
vid_000296_frame0000011.jpg,vid_000296,0,0.3841009828112277,-8.828498840332031,-1.7000350952148438
vid_000149_frame0000014.jpg,vid_000149,0,0.3840770210099116,-8.688763618469238,-5.589794635772705
vid_000266_frame0000010.jpg,vid_000266,2,0.38403884065407223,-3.3842906951904297,-0.8068161606788635
vid_000295_frame0000025.jpg,vid_000295,0,0.3840070264333589,-5.952798843383789,-1.3088479042053223
vid_000264_frame0000036.jpg,vid_000264,2,0.38394937373783716,-2.708531141281128,1.5252962112426758
vid_000311_frame0000005.jpg,vid_000311,4,0.38392120126967283,-3.332594156265259,8.85082721710205
vid_000126_frame0000013.jpg,vid_000126,0,0.38379173873772815,-9.061120986938477,-4.683464527130127
vid_000045_frame0000002.jpg,vid_000045,0,0.3837721127523645,-6.521862506866455,0.5912701487541199
vid_000276_frame0000020.jpg,vid_000276,4,0.3837648735113514,-5.721590995788574,7.361395359039307
vid_000437_frame0000014.jpg,vid_000437,4,0.3836824169573426,-2.280731439590454,8.5256929397583
vid_000274_frame0000005.jpg,vid_000274,2,0.383676924767756,-11.24786376953125,0.025119010359048843
vid_000261_frame0000027.jpg,vid_000261,0,0.38349000827977425,-8.591004371643066,-3.69437837600708
vid_000272_frame0000008.jpg,vid_000272,2,0.3834842146209815,-8.454899787902832,1.2028261423110962
vid_000279_frame0000006.jpg,vid_000279,4,0.38343022725860776,-4.363901615142822,6.640414714813232
vid_000331_frame0000190.jpg,vid_000331,0,0.38342753025953646,-4.616373062133789,0.34265899658203125
vid_000290_frame0000007.jpg,vid_000290,4,0.38341618015656703,-6.515100955963135,5.9232072830200195
vid_000204_frame0000016.jpg,vid_000204,4,0.38340124642731666,-1.9363213777542114,6.802431106567383
vid_000168_frame0000008.jpg,vid_000168,2,0.3832746289178795,-8.27480697631836,-5.692781925201416
vid_000126_frame0000015.jpg,vid_000126,0,0.38321902429035565,-4.814436435699463,-3.8505914211273193
vid_000207_frame0000003.jpg,vid_000207,4,0.38315953753759646,-3.3454668521881104,10.70376968383789
vid_000257_frame0000014.jpg,vid_000257,0,0.38309351165837013,-7.864073276519775,2.2147397994995117
vid_000210_frame0000048.jpg,vid_000210,0,0.3830928523780539,-6.446163177490234,-5.334602355957031
vid_000073_frame0000012.jpg,vid_000073,2,0.3830649372694957,-3.8888556957244873,-0.1616588532924652
vid_000034_frame0000014.jpg,vid_000034,0,0.38297628545324736,-12.292284965515137,0.9448131918907166
vid_000311_frame0000007.jpg,vid_000311,4,0.38292570842542845,-4.0253496170043945,7.652568340301514
vid_000331_frame0000283.jpg,vid_000331,0,0.3829115146425401,-7.031769752502441,-0.6972510814666748
vid_000438_frame0000058.jpg,vid_000438,4,0.38287848311374323,1.0667556524276733,9.702027320861816
vid_000169_frame0000008.jpg,vid_000169,4,0.38285475734926083,-3.612990379333496,8.760040283203125
vid_000305_frame0000002.jpg,vid_000305,4,0.38271712320435863,-4.073179244995117,8.748228073120117
vid_000073_frame0000010.jpg,vid_000073,0,0.38265019308864223,-4.720216751098633,-1.1818538904190063
vid_000083_frame0000004.jpg,vid_000083,0,0.38259482723505367,-5.140963077545166,1.0657856464385986
vid_000283_frame0000009.jpg,vid_000283,0,0.38256490203476334,-8.273067474365234,-0.9770191311836243
vid_000118_frame0000024.jpg,vid_000118,0,0.38246633679436,-14.322903633117676,-4.276258945465088
vid_000207_frame0000006.jpg,vid_000207,4,0.3821303518902688,-5.679835796356201,8.116144180297852
vid_000126_frame0000009.jpg,vid_000126,0,0.38207700724270677,-13.22178840637207,-3.4070138931274414
vid_000034_frame0000015.jpg,vid_000034,0,0.3820213508634878,-11.842504501342773,0.6869733333587646
vid_000283_frame0000011.jpg,vid_000283,0,0.38199239103322236,-7.556146621704102,-1.523080825805664
vid_000126_frame0000001.jpg,vid_000126,0,0.38192753893683096,-9.32792854309082,-3.5959274768829346
vid_000131_frame0000005.jpg,vid_000131,0,0.381880057466544,-13.12586498260498,-4.1004791259765625
vid_000050_frame0000018.jpg,vid_000050,2,0.38186862262664295,-4.476964473724365,-0.8197043538093567
vid_000349_frame0000077.jpg,vid_000349,0,0.3818369806352661,-2.8945651054382324,-3.52846622467041
vid_000334_frame0000016.jpg,vid_000334,0,0.3817707033612302,-4.70039701461792,-5.712310791015625
vid_000438_frame0000052.jpg,vid_000438,4,0.3817553048871889,-4.6624860763549805,8.544114112854004
vid_000362_frame0000021.jpg,vid_000362,5,0.3817447042886028,-2.35122013092041,-0.9305416345596313
vid_000240_frame0000066.jpg,vid_000240,2,0.38164079745128104,-5.690369129180908,-3.424299955368042
vid_000087_frame0000001.jpg,vid_000087,0,0.3815203950189437,-5.807755470275879,-1.836881399154663
vid_000273_frame0000010.jpg,vid_000273,2,0.38143260794062356,-9.679526329040527,0.060403011739254
vid_000287_frame0000009.jpg,vid_000287,4,0.3813887186019866,-5.161152362823486,6.157415390014648
vid_000311_frame0000003.jpg,vid_000311,4,0.3813106672110824,-3.9609949588775635,8.252606391906738
vid_000153_frame0000006.jpg,vid_000153,0,0.3812820652706013,-8.640535354614258,-1.982767105102539
vid_000207_frame0000007.jpg,vid_000207,4,0.38108772655713613,-4.374728202819824,9.693598747253418
vid_000295_frame0000020.jpg,vid_000295,0,0.381078680056181,-6.505337715148926,-1.220504879951477
vid_000339_frame0000016.jpg,vid_000339,0,0.3810461279961182,-7.21665096282959,2.4299285411834717
vid_000304_frame0000024.jpg,vid_000304,2,0.3810380380203433,-2.2613470554351807,-0.6597331762313843
vid_000069_frame0000009.jpg,vid_000069,2,0.3809663288414586,-6.438215255737305,-3.666487693786621
vid_000347_frame0000030.jpg,vid_000347,0,0.38094993751424205,-11.446043968200684,-3.202867269515991
vid_000288_frame0000048.jpg,vid_000288,0,0.3809418952539419,-5.396762847900391,0.33355653285980225
vid_000338_frame0000014.jpg,vid_000338,0,0.3808295584660273,-9.16613483428955,-1.258801817893982
vid_000349_frame0000003.jpg,vid_000349,0,0.3807010105260784,-11.816997528076172,-4.325402736663818
vid_000304_frame0000025.jpg,vid_000304,2,0.3806895025752874,-2.8879446983337402,-1.4927681684494019
vid_000132_frame0000037.jpg,vid_000132,0,0.3806640262354511,-8.90654182434082,-6.966009140014648
vid_000168_frame0000009.jpg,vid_000168,0,0.3804991864182667,-8.497977256774902,-2.4191019535064697
vid_000207_frame0000002.jpg,vid_000207,4,0.3804980005006703,-3.313516139984131,11.557498931884766
vid_000127_frame0000038.jpg,vid_000127,0,0.3803805830015124,-8.275686264038086,-2.4085214138031006
vid_000170_frame0000012.jpg,vid_000170,2,0.38035066040091764,-5.5489325523376465,-0.8444139957427979
vid_000279_frame0000009.jpg,vid_000279,4,0.3801542709704568,-3.5561721324920654,6.225707054138184
vid_000171_frame0000012.jpg,vid_000171,4,0.3801424331131282,-5.865211009979248,7.203145503997803
vid_000026_frame0000014.jpg,vid_000026,0,0.38014234941172215,-12.217689514160156,-3.525070905685425
vid_000083_frame0000008.jpg,vid_000083,0,0.38012402391886213,-5.803034782409668,-0.37395188212394714
vid_000106_frame0000034.jpg,vid_000106,4,0.3800796630272396,-5.604148864746094,7.79315710067749
vid_000038_frame0000032.jpg,vid_000038,0,0.3800534291770315,-8.911055564880371,0.18203721940517426
vid_000003_frame0000005.jpg,vid_000003,0,0.3798544108771856,-7.461669921875,1.9766966104507446
vid_000123_frame0000010.jpg,vid_000123,2,0.379712008707677,-8.073141098022461,-5.727452754974365
vid_000364_frame0000022.jpg,vid_000364,0,0.37957236705714087,-5.954932689666748,2.6399970054626465
vid_000283_frame0000073.jpg,vid_000283,0,0.37955673675220597,-9.301491737365723,-1.187620759010315
vid_000287_frame0000008.jpg,vid_000287,0,0.3795299638386226,-7.185417175292969,4.223341464996338
vid_000362_frame0000008.jpg,vid_000362,0,0.3794756033281202,-8.529383659362793,-0.3064427673816681
vid_000309_frame0000036.jpg,vid_000309,4,0.37944878972806867,-3.360199213027954,7.457738399505615
vid_000343_frame0000010.jpg,vid_000343,0,0.3793727315715429,-6.411841869354248,-1.3998463153839111
vid_000163_frame0000011.jpg,vid_000163,0,0.37936620588102477,-8.439952850341797,-4.394280910491943
vid_000264_frame0000014.jpg,vid_000264,2,0.3793626748091629,-8.221833229064941,0.5337534546852112
vid_000331_frame0000246.jpg,vid_000331,2,0.3793504675826932,-1.0596121549606323,3.9233908653259277
vid_000132_frame0000130.jpg,vid_000132,2,0.3793322434370968,-5.946048259735107,-5.288139820098877
vid_000272_frame0000011.jpg,vid_000272,2,0.37905031060246525,-9.682550430297852,0.8089176416397095
vid_000170_frame0000009.jpg,vid_000170,0,0.3790103764551785,-8.167532920837402,-1.5356367826461792
vid_000004_frame0000018.jpg,vid_000004,0,0.3790049528009851,-11.014223098754883,1.4504296779632568
vid_000311_frame0000011.jpg,vid_000311,4,0.37899794169068035,-3.8416061401367188,7.530860424041748
vid_000140_frame0000001.jpg,vid_000140,0,0.378928168386872,-8.636879920959473,-3.997002363204956
vid_000302_frame0000013.jpg,vid_000302,4,0.3788863072680854,-4.791775703430176,6.987881183624268
vid_000276_frame0000009.jpg,vid_000276,4,0.3788604251587571,-4.354702949523926,7.872346878051758
vid_000094_frame0000068.jpg,vid_000094,2,0.3788056971130989,-0.020593876019120216,-3.1353976726531982
vid_000339_frame0000012.jpg,vid_000339,0,0.37868536985877455,-9.10029125213623,1.8889617919921875
vid_000117_frame0000001.jpg,vid_000117,0,0.37860811647246007,-9.039780616760254,-6.8732171058654785
vid_000308_frame0000019.jpg,vid_000308,4,0.3785868469620505,-6.150073051452637,5.363674163818359
vid_000264_frame0000033.jpg,vid_000264,2,0.37854621532317156,-6.519224643707275,1.9520916938781738
vid_000044_frame0000021.jpg,vid_000044,0,0.3785439030709185,-9.931733131408691,1.504933476448059
vid_000275_frame0000007.jpg,vid_000275,4,0.3784353251338356,-5.164211273193359,7.6119184494018555
vid_000368_frame0000031.jpg,vid_000368,0,0.3784136187998613,-5.8916707038879395,0.15795570611953735
vid_000301_frame0000004.jpg,vid_000301,4,0.3782775275765986,-5.270931720733643,7.239344120025635
vid_000044_frame0000022.jpg,vid_000044,0,0.3782295788928923,-10.732213973999023,2.0192482471466064
vid_000118_frame0000038.jpg,vid_000118,0,0.37822336794376654,-13.875792503356934,-4.171314239501953
vid_000305_frame0000008.jpg,vid_000305,4,0.3781323082346757,-5.331997394561768,9.07996654510498
vid_000302_frame0000016.jpg,vid_000302,4,0.3781233316234659,-6.221084117889404,4.58778715133667
vid_000326_frame0000010.jpg,vid_000326,0,0.3781032773968118,-8.199272155761719,-1.431650161743164
vid_000290_frame0000010.jpg,vid_000290,4,0.37807623072469243,-6.9366044998168945,2.9630401134490967
vid_000264_frame0000007.jpg,vid_000264,2,0.37787218938675443,-7.7449212074279785,-0.008964315056800842
vid_000132_frame0000007.jpg,vid_000132,0,0.3778660351303942,-9.035542488098145,-5.145960807800293
vid_000153_frame0000011.jpg,vid_000153,0,0.37783929422193735,-3.9121897220611572,-0.7022979259490967
vid_000169_frame0000005.jpg,vid_000169,4,0.3778321875101577,-5.549119472503662,8.59524917602539
vid_000261_frame0000012.jpg,vid_000261,0,0.37770615838787425,-10.481562614440918,-3.015990734100342
vid_000349_frame0000006.jpg,vid_000349,0,0.37770504381657505,-10.703412055969238,-3.6007626056671143
vid_000273_frame0000008.jpg,vid_000273,2,0.3776989239465212,-9.222990036010742,1.4750230312347412
vid_000302_frame0000009.jpg,vid_000302,0,0.37767674193952716,-7.495439529418945,2.6239662170410156
vid_000264_frame0000011.jpg,vid_000264,2,0.3776359048026752,-8.424238204956055,-0.10601308196783066
vid_000296_frame0000010.jpg,vid_000296,0,0.377625135078918,-9.507803916931152,-1.9413206577301025
vid_000115_frame0000038.jpg,vid_000115,0,0.3776240515797917,-9.269201278686523,-3.1047744750976562
vid_000281_frame0000007.jpg,vid_000281,4,0.3773812693827423,-5.2639288902282715,9.024394035339355
vid_000361_frame0000035.jpg,vid_000361,0,0.37737432971804463,-5.676164627075195,2.150377035140991
vid_000438_frame0000015.jpg,vid_000438,4,0.37716452005729795,-2.7787890434265137,9.297836303710938
vid_000339_frame0000019.jpg,vid_000339,0,0.37701233354948854,-11.5433349609375,-1.6887160539627075
vid_000034_frame0000011.jpg,vid_000034,0,0.3770109406873808,-11.792110443115234,0.9163885712623596
vid_000295_frame0000010.jpg,vid_000295,0,0.3770089914462366,-8.92823314666748,-1.6493748426437378
vid_000342_frame0000214.jpg,vid_000342,0,0.3770082976827464,-8.986793518066406,-1.0841422080993652
vid_000296_frame0000006.jpg,vid_000296,0,0.3769938404208767,-10.493124961853027,-0.3989482820034027
vid_000069_frame0000007.jpg,vid_000069,2,0.3769469855074469,-6.3163838386535645,-3.7570438385009766
vid_000026_frame0000011.jpg,vid_000026,0,0.3768895193420052,-9.862079620361328,-0.4237610995769501
vid_000291_frame0000018.jpg,vid_000291,2,0.37685067857456256,-6.178851127624512,-4.201066970825195
vid_000163_frame0000010.jpg,vid_000163,0,0.3767800792604438,-9.041111946105957,-4.1028523445129395
vid_000163_frame0000012.jpg,vid_000163,0,0.37676963550355025,-11.799525260925293,-6.111818790435791
vid_000331_frame0000163.jpg,vid_000331,0,0.3766994019653085,-9.757287979125977,0.858128547668457
vid_000126_frame0000005.jpg,vid_000126,0,0.37652256221523983,-12.676984786987305,-3.9685840606689453
vid_000038_frame0000012.jpg,vid_000038,0,0.37640451934743235,-13.104660034179688,1.3047577142715454
vid_000261_frame0000014.jpg,vid_000261,0,0.3763455738005537,-9.482470512390137,-2.533487558364868
vid_000326_frame0000006.jpg,vid_000326,0,0.3763184223123039,-9.302149772644043,-1.8709787130355835
vid_000127_frame0000039.jpg,vid_000127,0,0.3762917414207533,-12.949666976928711,-3.6423614025115967
vid_000295_frame0000017.jpg,vid_000295,0,0.3762906777120937,-7.599547386169434,1.1737498044967651
vid_000436_frame0000029.jpg,vid_000436,4,0.37624885590692203,-8.594532012939453,6.508202075958252
vid_000295_frame0000014.jpg,vid_000295,0,0.3762255660477836,-7.267990589141846,-0.9302455186843872
vid_000331_frame0000262.jpg,vid_000331,0,0.3762076786540497,-6.29909086227417,4.514723300933838
vid_000153_frame0000007.jpg,vid_000153,0,0.3762006263101987,-10.462822914123535,-1.6525840759277344
vid_000046_frame0000001.jpg,vid_000046,0,0.37619210961135396,-9.937986373901367,1.30320405960083
vid_000326_frame0000008.jpg,vid_000326,0,0.37619208245873664,-8.973196029663086,-1.9981873035430908
vid_000364_frame0000024.jpg,vid_000364,0,0.3761881111111193,-5.949757099151611,4.024795055389404
vid_000284_frame0000021.jpg,vid_000284,0,0.3760012726592295,-10.397799491882324,-1.7842624187469482
vid_000118_frame0000008.jpg,vid_000118,0,0.37592335705115254,-13.165852546691895,-4.449151515960693
vid_000301_frame0000006.jpg,vid_000301,4,0.375903451060488,-5.097448348999023,7.069108963012695
vid_000118_frame0000019.jpg,vid_000118,0,0.3756786373401499,-13.030854225158691,-3.628373146057129
vid_000279_frame0000002.jpg,vid_000279,4,0.375527631408554,-5.9299187660217285,6.755010604858398
vid_000361_frame0000034.jpg,vid_000361,0,0.3754753462365231,-6.543015956878662,3.2387633323669434
vid_000284_frame0000030.jpg,vid_000284,0,0.3754750503997818,-7.402262210845947,0.9493684768676758
vid_000283_frame0000010.jpg,vid_000283,0,0.37539086424505225,-8.557682037353516,-0.3412574529647827
vid_000069_frame0000001.jpg,vid_000069,2,0.37532485558169026,-6.586254119873047,-3.9083008766174316
vid_000296_frame0000023.jpg,vid_000296,0,0.37531971814861576,-10.086583137512207,-2.4941749572753906
vid_000295_frame0000004.jpg,vid_000295,0,0.3753004958541266,-8.621359825134277,-2.115028142929077
vid_000083_frame0000042.jpg,vid_000083,0,0.3752672632049846,-3.8226935863494873,1.8981375694274902
vid_000284_frame0000028.jpg,vid_000284,0,0.3752142186310945,-7.9387383460998535,-0.5904020071029663
vid_000343_frame0000012.jpg,vid_000343,0,0.3751982339804459,-5.967174053192139,-0.5840415954589844
vid_000539_frame0000076.jpg,vid_000539,0,0.3751276559598316,-11.559138298034668,2.0267324447631836
vid_000106_frame0000036.jpg,vid_000106,4,0.3750151341882425,-7.391056060791016,6.928021430969238
vid_000368_frame0000067.jpg,vid_000368,0,0.3749642603442366,-9.080737113952637,-2.0198183059692383
vid_000301_frame0000005.jpg,vid_000301,4,0.37495940644367753,-5.90785551071167,8.130141258239746
vid_000326_frame0000004.jpg,vid_000326,0,0.374932163558126,-10.20406436920166,-1.7055758237838745
vid_000206_frame0000006.jpg,vid_000206,4,0.3745655327943765,-5.404101848602295,8.026097297668457
vid_000343_frame0000011.jpg,vid_000343,0,0.37452205116369486,-8.34436321258545,-3.035121440887451
vid_000288_frame0000025.jpg,vid_000288,0,0.3744618916816957,-7.151557922363281,-2.2935030460357666
vid_000339_frame0000009.jpg,vid_000339,0,0.37429376003645565,-12.152786254882812,-0.20977920293807983
vid_000271_frame0000006.jpg,vid_000271,2,0.37425620834773804,-6.689914703369141,1.1828891038894653
vid_000034_frame0000010.jpg,vid_000034,0,0.3742330564472052,-11.87127685546875,1.312483549118042
vid_000076_frame0000029.jpg,vid_000076,0,0.3742078219730281,-9.234968185424805,0.03906770795583725
vid_000106_frame0000043.jpg,vid_000106,4,0.3741913798842974,-6.828917026519775,5.642345428466797
vid_000037_frame0000005.jpg,vid_000037,0,0.37404498116073637,-3.7552196979522705,-2.070552110671997
vid_000266_frame0000009.jpg,vid_000266,2,0.3739770344411734,-5.00417423248291,0.19219247996807098
vid_000349_frame0000002.jpg,vid_000349,0,0.37374268591679743,-9.555567741394043,-3.839149236679077
vid_000288_frame0000030.jpg,vid_000288,0,0.3737116709942037,-7.317422866821289,1.0328599214553833
vid_000302_frame0000006.jpg,vid_000302,0,0.3735696914120226,-7.125803470611572,5.15015983581543
vid_000153_frame0000003.jpg,vid_000153,0,0.3735464636853457,-11.549612045288086,-2.316803216934204
vid_000331_frame0000251.jpg,vid_000331,2,0.37353962276727387,-4.477785110473633,1.5979923009872437
vid_000170_frame0000010.jpg,vid_000170,0,0.3734775996604663,-8.215893745422363,-0.05932023376226425
vid_000302_frame0000017.jpg,vid_000302,4,0.3734771649309469,-5.746915817260742,7.677972316741943
vid_000349_frame0000010.jpg,vid_000349,0,0.3732609867976345,-8.949968338012695,-2.7957942485809326
vid_000045_frame0000039.jpg,vid_000045,0,0.37306910760254897,-9.404899597167969,2.5216195583343506
vid_000132_frame0000102.jpg,vid_000132,0,0.3729954974479388,-11.136320114135742,-7.078579902648926
vid_000330_frame0000016.jpg,vid_000330,0,0.37268904526508145,-9.48351001739502,-2.563575029373169
vid_000349_frame0000004.jpg,vid_000349,0,0.37268338344355384,-10.72421646118164,-4.352964878082275
vid_000361_frame0000029.jpg,vid_000361,0,0.37268113439560585,-8.382660865783691,3.4310688972473145
vid_000076_frame0000031.jpg,vid_000076,0,0.37257485407197366,-8.432782173156738,-2.180760622024536
vid_000034_frame0000008.jpg,vid_000034,0,0.37255595450937035,-10.324332237243652,-1.3359676599502563
vid_000043_frame0000017.jpg,vid_000043,0,0.3724901008169809,-4.214120388031006,1.3823206424713135
vid_000326_frame0000032.jpg,vid_000326,0,0.37225742668303097,-9.490297317504883,-1.0215896368026733
vid_000349_frame0000001.jpg,vid_000349,0,0.37224014940109657,-9.967751502990723,-4.130116939544678
vid_000296_frame0000025.jpg,vid_000296,0,0.37222106736529764,-7.544989109039307,-2.0562925338745117
vid_000296_frame0000028.jpg,vid_000296,0,0.37220870170517056,-9.548823356628418,-2.4411263465881348
vid_000283_frame0000056.jpg,vid_000283,0,0.3722037510881891,-8.554018020629883,0.644233226776123
vid_000302_frame0000011.jpg,vid_000302,4,0.3721363401065433,-5.594424247741699,5.3710737228393555
vid_000131_frame0000015.jpg,vid_000131,0,0.3721255923447217,-12.167265892028809,-6.116711616516113
vid_000132_frame0000096.jpg,vid_000132,0,0.3720891338512262,-10.510729789733887,-5.587669372558594
vid_000283_frame0000013.jpg,vid_000283,0,0.3720146453972447,-8.716378211975098,-2.0213141441345215
vid_000449_frame0000014.jpg,vid_000449,0,0.37182721653398443,-7.860301494598389,-2.6170787811279297
vid_000301_frame0000008.jpg,vid_000301,4,0.37174029450711127,-5.053936958312988,9.703426361083984
vid_000296_frame0000003.jpg,vid_000296,0,0.37166772345967763,-10.996369361877441,-1.8262906074523926
vid_000034_frame0000009.jpg,vid_000034,0,0.37160657031796007,-8.984432220458984,-0.11860507726669312
vid_000369_frame0000020.jpg,vid_000369,0,0.3714666679448262,-13.067054748535156,-1.9842792749404907
vid_000026_frame0000018.jpg,vid_000026,0,0.3714327092338626,-10.737272262573242,-1.8603700399398804
vid_000261_frame0000016.jpg,vid_000261,0,0.371335636122334,-10.766324043273926,-4.906282901763916
vid_000118_frame0000010.jpg,vid_000118,0,0.37126426967148424,-13.165054321289062,-4.311611652374268
vid_000153_frame0000010.jpg,vid_000153,0,0.37119877750235536,-9.6653470993042,-2.353699207305908
vid_000153_frame0000012.jpg,vid_000153,0,0.37117301464498725,-8.683281898498535,-0.6866777539253235
vid_000283_frame0000014.jpg,vid_000283,0,0.37110311058726875,-9.148872375488281,0.8568205237388611
vid_000548_frame0000016.jpg,vid_000548,0,0.3710225400937708,-13.114258766174316,1.0915859937667847
vid_000339_frame0000008.jpg,vid_000339,0,0.37087269459832944,-11.927597999572754,0.782889723777771
vid_000364_frame0000011.jpg,vid_000364,0,0.37087193850558053,-9.616142272949219,2.647979736328125
vid_000044_frame0000019.jpg,vid_000044,0,0.3708388482916916,-10.243515014648438,1.2342549562454224
vid_000331_frame0000184.jpg,vid_000331,2,0.37059945149174334,-5.317326068878174,0.7206273674964905
vid_000362_frame0000015.jpg,vid_000362,0,0.37050147973109443,-7.230756759643555,-0.8871300220489502
vid_000296_frame0000013.jpg,vid_000296,0,0.37050011655168186,-11.002354621887207,-2.3557703495025635
vid_000339_frame0000007.jpg,vid_000339,0,0.37025496246745976,-11.252201080322266,0.1534876674413681
vid_000045_frame0000041.jpg,vid_000045,0,0.37020083845849183,-7.664647579193115,0.6098020672798157
vid_000331_frame0000272.jpg,vid_000331,0,0.37000678197114056,-6.859696388244629,2.939970016479492
vid_000087_frame0000003.jpg,vid_000087,0,0.36994415048759266,-6.738001346588135,0.32231995463371277
vid_000361_frame0000030.jpg,vid_000361,0,0.3699030158259654,-8.862282752990723,1.9127284288406372
vid_000132_frame0000114.jpg,vid_000132,0,0.36982085382523316,-7.790478706359863,-5.716713905334473
vid_000153_frame0000002.jpg,vid_000153,0,0.369813060759186,-7.591468334197998,-0.5616899728775024
vid_000048_frame0000029.jpg,vid_000048,0,0.3698063149109348,-12.9075345993042,1.3804713487625122
vid_000044_frame0000025.jpg,vid_000044,0,0.3698047765518412,-11.379693984985352,0.5198943614959717
vid_000349_frame0000015.jpg,vid_000349,0,0.36972043192244597,-9.111743927001953,-1.4834697246551514
vid_000073_frame0000021.jpg,vid_000073,0,0.36964317934186025,-8.81037712097168,-0.018940936774015427
vid_000021_frame0000025.jpg,vid_000021,0,0.369632995938844,-9.180017471313477,-0.3628365695476532
vid_000364_frame0000014.jpg,vid_000364,0,0.3696308300804975,-12.442713737487793,2.417523145675659
vid_000021_frame0000001.jpg,vid_000021,0,0.3695996463533436,-12.508352279663086,1.2701947689056396
vid_000361_frame0000036.jpg,vid_000361,0,0.36948034155884985,-5.5199055671691895,3.481456756591797
vid_000342_frame0000213.jpg,vid_000342,0,0.36947818442094793,-11.321106910705566,-0.00606302497908473
vid_000364_frame0000038.jpg,vid_000364,0,0.3693752316479799,-9.338789939880371,0.09915551543235779
vid_000364_frame0000015.jpg,vid_000364,0,0.3692600601358241,-11.232912063598633,3.128328323364258
vid_000253_frame0000005.jpg,vid_000253,2,0.3691894531212185,-9.154541969299316,0.6380357146263123
vid_000025_frame0000007.jpg,vid_000025,0,0.36915118646324974,-9.785005569458008,0.8863796591758728
vid_000339_frame0000011.jpg,vid_000339,0,0.36905946594641115,-12.688097953796387,-0.8572161793708801
vid_000362_frame0000017.jpg,vid_000362,0,0.369009108030876,-7.868320941925049,-2.4572596549987793
vid_000296_frame0000018.jpg,vid_000296,0,0.3689342134922838,-10.791111946105957,-2.4087798595428467
vid_000043_frame0000013.jpg,vid_000043,0,0.36890545045486106,-8.259078979492188,0.7096432447433472
vid_000038_frame0000014.jpg,vid_000038,0,0.3688675676174862,-13.35403823852539,0.374053955078125
vid_000539_frame0000021.jpg,vid_000539,0,0.36886113263548687,-11.092060089111328,0.01465607900172472
vid_000342_frame0000246.jpg,vid_000342,0,0.36879058068621284,-8.49190616607666,-0.34651342034339905
vid_000279_frame0000010.jpg,vid_000279,4,0.3687325236086601,-4.7253923416137695,9.217388153076172
vid_000131_frame0000012.jpg,vid_000131,0,0.36872583383297775,-11.693644523620605,-5.703329563140869
vid_000045_frame0000054.jpg,vid_000045,0,0.3686043463718138,-8.925926208496094,1.43217933177948
vid_000301_frame0000010.jpg,vid_000301,4,0.3684414035241666,-5.8422698974609375,8.837997436523438
vid_000284_frame0000023.jpg,vid_000284,0,0.3683193208773095,-10.06459903717041,-1.5280882120132446
vid_000034_frame0000013.jpg,vid_000034,0,0.36827610448830617,-12.879714965820312,0.11397791653871536
vid_000049_frame0000009.jpg,vid_000049,0,0.3681049355921461,-10.066798210144043,1.5872224569320679
vid_000548_frame0000013.jpg,vid_000548,0,0.3680774376967781,-11.381291389465332,1.876018762588501
vid_000212_frame0000011.jpg,vid_000212,0,0.3679726728518531,-10.743942260742188,-1.0741593837738037
vid_000365_frame0000036.jpg,vid_000365,0,0.3679222296816714,-6.7116827964782715,0.26904618740081787
vid_000284_frame0000018.jpg,vid_000284,0,0.36779217795214797,-12.714838027954102,-2.3953139781951904
vid_000153_frame0000005.jpg,vid_000153,0,0.3676524794007618,-11.729798316955566,-2.164562940597534
vid_000349_frame0000027.jpg,vid_000349,0,0.3676065792066555,-10.249735832214355,-0.0026416508480906487
vid_000047_frame0000001.jpg,vid_000047,0,0.3675677918415948,-10.814279556274414,0.5701819658279419
vid_000047_frame0000011.jpg,vid_000047,0,0.36741400835089943,-11.35364818572998,-1.7451529502868652
vid_000024_frame0000033.jpg,vid_000024,0,0.36741187315258494,-11.363511085510254,-2.364553213119507
vid_000038_frame0000030.jpg,vid_000038,0,0.3672565364694996,-11.476638793945312,0.360039085149765
vid_000284_frame0000025.jpg,vid_000284,0,0.36723551862294085,-8.742653846740723,-2.1456878185272217
vid_000004_frame0000014.jpg,vid_000004,0,0.3671500524433166,-11.23052978515625,1.4236340522766113
vid_000339_frame0000002.jpg,vid_000339,0,0.36700854988395054,-12.81711196899414,-0.8607510924339294
vid_000153_frame0000004.jpg,vid_000153,0,0.36691378651882756,-11.4310302734375,-0.97804856300354
vid_000362_frame0000009.jpg,vid_000362,0,0.3668761511662802,-8.081396102905273,-0.14843088388442993
vid_000045_frame0000047.jpg,vid_000045,0,0.36682274950980664,-12.302988052368164,0.7716192007064819
vid_000362_frame0000006.jpg,vid_000362,0,0.366581973049703,-12.66390323638916,-1.1187264919281006
vid_000004_frame0000015.jpg,vid_000004,0,0.3664823284358214,-11.290525436401367,0.6262446641921997
vid_000020_frame0000003.jpg,vid_000020,0,0.3663387519978479,-9.939152717590332,0.48898401856422424
vid_000041_frame0000026.jpg,vid_000041,0,0.3663038369379121,-7.944448947906494,0.6845812201499939
vid_000024_frame0000031.jpg,vid_000024,0,0.3662415538770094,-12.397318840026855,-3.4946043491363525
vid_000364_frame0000010.jpg,vid_000364,0,0.36621938151433553,-8.092183113098145,2.511129856109619
vid_000046_frame0000007.jpg,vid_000046,0,0.3659943531633268,-10.905326843261719,0.48936644196510315
vid_000022_frame0000042.jpg,vid_000022,0,0.3659736597523456,-12.964353561401367,1.7286648750305176
vid_000026_frame0000019.jpg,vid_000026,0,0.36593385127358996,-9.246744155883789,-1.776557207107544
vid_000361_frame0000008.jpg,vid_000361,0,0.36592242242355943,-11.091307640075684,1.4443080425262451
vid_000044_frame0000016.jpg,vid_000044,0,0.36591122134255644,-10.887948036193848,0.6683089137077332
vid_000362_frame0000002.jpg,vid_000362,0,0.3659070221240238,-7.290137767791748,-0.719491183757782
vid_000027_frame0000071.jpg,vid_000027,0,0.3658956948968175,-14.477770805358887,0.05081949010491371
vid_000048_frame0000001.jpg,vid_000048,0,0.36586613432950327,-11.117481231689453,0.4126390814781189
vid_000343_frame0000008.jpg,vid_000343,0,0.3656482389213171,-11.69205379486084,-1.3184579610824585
vid_000073_frame0000035.jpg,vid_000073,0,0.3656437588777773,-8.741320610046387,0.024336431175470352
vid_000038_frame0000017.jpg,vid_000038,0,0.3655937949834079,-13.140006065368652,-1.432422161102295
vid_000045_frame0000044.jpg,vid_000045,0,0.3655583245221713,-10.74611759185791,0.5367814302444458
vid_000022_frame0000043.jpg,vid_000022,0,0.3655100687440968,-13.606005668640137,1.125856876373291
vid_000364_frame0000027.jpg,vid_000364,0,0.3652613360875145,-11.642464637756348,2.0682356357574463
vid_000368_frame0000056.jpg,vid_000368,0,0.36523976086168164,-7.079002857208252,-1.3906420469284058
vid_000049_frame0000007.jpg,vid_000049,0,0.36521331709642313,-11.53140640258789,3.596245765686035
vid_000026_frame0000017.jpg,vid_000026,0,0.36519081490790556,-9.968509674072266,-0.5571342706680298
vid_000361_frame0000016.jpg,vid_000361,0,0.3651379475296155,-9.98770523071289,1.9710965156555176
vid_000361_frame0000011.jpg,vid_000361,0,0.3651053447413249,-9.64958667755127,1.927999496459961
vid_000042_frame0000020.jpg,vid_000042,0,0.3649208803338556,-11.98399543762207,1.5951635837554932
vid_000045_frame0000019.jpg,vid_000045,0,0.3648932877291446,-12.477231979370117,1.3636082410812378
vid_000047_frame0000005.jpg,vid_000047,0,0.36487741986413746,-10.570241928100586,1.5036567449569702
vid_000025_frame0000016.jpg,vid_000025,0,0.36469204611121747,-11.41494083404541,2.1505789756774902
vid_000369_frame0000019.jpg,vid_000369,0,0.3646205043167146,-13.35605525970459,-2.8781614303588867
vid_000342_frame0000268.jpg,vid_000342,0,0.36459894245008917,-12.197342872619629,-0.33349481225013733
vid_000049_frame0000008.jpg,vid_000049,0,0.36454856924713147,-12.20083999633789,2.017127752304077
vid_000023_frame0000011.jpg,vid_000023,0,0.3642849102003068,-11.249094009399414,-1.411043643951416
vid_000331_frame0000211.jpg,vid_000331,0,0.36421396387830657,-10.309325218200684,2.6140832901000977
vid_000361_frame0000002.jpg,vid_000361,0,0.36407765490240823,-11.645325660705566,1.2944812774658203
vid_000003_frame0000007.jpg,vid_000003,0,0.36402575009038524,-12.74276351928711,0.25767311453819275
vid_000021_frame0000035.jpg,vid_000021,0,0.3640189297142782,-13.455310821533203,0.14757977426052094
vid_000368_frame0000013.jpg,vid_000368,0,0.3640126761771677,-11.137489318847656,1.2564016580581665
vid_000364_frame0000090.jpg,vid_000364,0,0.3639573665968644,-11.388686180114746,2.0630247592926025
vid_000047_frame0000015.jpg,vid_000047,0,0.36392245834548476,-10.815696716308594,0.0805836170911789
vid_000022_frame0000015.jpg,vid_000022,0,0.36372587208117235,-11.065020561218262,-0.46827295422554016
vid_000364_frame0000089.jpg,vid_000364,0,0.363668629069863,-11.746736526489258,2.2800590991973877
vid_000048_frame0000004.jpg,vid_000048,0,0.36366395027492815,-11.401625633239746,0.5853539109230042
vid_000045_frame0000010.jpg,vid_000045,0,0.36363289712320446,-12.01960563659668,0.9786720275878906
vid_000041_frame0000024.jpg,vid_000041,0,0.36355047614826175,-9.631867408752441,1.2951470613479614
vid_000047_frame0000009.jpg,vid_000047,0,0.3634423581281722,-11.873448371887207,-0.08127941191196442
vid_000279_frame0000008.jpg,vid_000279,4,0.36341894021757054,-7.963929176330566,8.215150833129883
vid_000026_frame0000016.jpg,vid_000026,0,0.3634137766251025,-11.370376586914062,-2.745274066925049
vid_000041_frame0000014.jpg,vid_000041,0,0.3633488716340069,-12.250077247619629,-0.06399621069431305
vid_000049_frame0000018.jpg,vid_000049,0,0.3632876446112857,-9.33433723449707,1.8631857633590698
vid_000098_frame0000019.jpg,vid_000098,0,0.3632751152150881,-13.683987617492676,1.1227893829345703
vid_000368_frame0000066.jpg,vid_000368,0,0.3631505297945939,-9.925040245056152,-1.2767452001571655
vid_000002_frame0000023.jpg,vid_000002,0,0.36303698923942523,-5.4333577156066895,3.80940318107605
vid_000342_frame0000210.jpg,vid_000342,0,0.3630344087650061,-12.7047758102417,-0.33097267150878906
vid_000365_frame0000014.jpg,vid_000365,0,0.36301606529115116,-9.596601486206055,2.3422770500183105
vid_000046_frame0000008.jpg,vid_000046,0,0.36299486908455375,-12.577653884887695,1.2315301895141602
vid_000046_frame0000005.jpg,vid_000046,0,0.36298791163884936,-12.289937973022461,0.615418016910553
vid_000027_frame0000047.jpg,vid_000027,0,0.36279966661147284,-13.107169151306152,-0.582172155380249
vid_000023_frame0000010.jpg,vid_000023,0,0.3627923343230905,-11.250901222229004,-1.8429663181304932
vid_000046_frame0000016.jpg,vid_000046,0,0.36266985702965865,-11.68039608001709,1.3170017004013062
vid_000342_frame0000272.jpg,vid_000342,0,0.3626510087350701,-11.431655883789062,1.4081884622573853
vid_000047_frame0000021.jpg,vid_000047,0,0.3626399066260331,-10.700634956359863,1.11660635471344
vid_000342_frame0000211.jpg,vid_000342,0,0.3626100957235109,-12.210684776306152,0.15843753516674042
vid_000042_frame0000010.jpg,vid_000042,0,0.3625733094530999,-11.818806648254395,1.1558871269226074
vid_000539_frame0000019.jpg,vid_000539,0,0.36252944897640976,-12.810667037963867,-1.0006424188613892
vid_000048_frame0000013.jpg,vid_000048,0,0.36252860652889307,-11.709925651550293,0.09491032361984253
vid_000342_frame0000225.jpg,vid_000342,0,0.36250622203981586,-12.7943754196167,-0.44189733266830444
vid_000048_frame0000002.jpg,vid_000048,0,0.3624781506992044,-11.891732215881348,1.2003933191299438
vid_000048_frame0000016.jpg,vid_000048,0,0.36241414897625307,-11.633058547973633,0.5081989169120789
vid_000027_frame0000069.jpg,vid_000027,0,0.36233700940283076,-13.629168510437012,-0.06032863259315491
vid_000026_frame0000009.jpg,vid_000026,0,0.3623060693964022,-11.848758697509766,0.9929508566856384
vid_000021_frame0000021.jpg,vid_000021,0,0.36225643939552715,-10.757067680358887,0.6977361440658569
vid_000362_frame0000029.jpg,vid_000362,0,0.36224545960927673,-12.086886405944824,-0.31949278712272644
vid_000046_frame0000013.jpg,vid_000046,0,0.36220492126075193,-12.550517082214355,0.20914457738399506
vid_000048_frame0000011.jpg,vid_000048,0,0.36215453276831916,-12.89293384552002,-0.16976779699325562
vid_000048_frame0000023.jpg,vid_000048,0,0.36209806353780966,-11.562464714050293,0.018997864797711372
vid_000041_frame0000021.jpg,vid_000041,0,0.3620470637819359,-11.027457237243652,-0.20117473602294922
vid_000368_frame0000082.jpg,vid_000368,0,0.36197915559187593,-11.101351737976074,1.4631472826004028
vid_000342_frame0000265.jpg,vid_000342,0,0.3619644425198694,-12.22254753112793,-1.138725757598877
vid_000004_frame0000013.jpg,vid_000004,0,0.3618810918742733,-9.465642929077148,1.1703557968139648
vid_000025_frame0000010.jpg,vid_000025,0,0.3618755249126567,-12.77936840057373,0.14605148136615753
vid_000025_frame0000014.jpg,vid_000025,0,0.3618597055684204,-11.673351287841797,0.1181005984544754
vid_000022_frame0000040.jpg,vid_000022,0,0.36176744379830417,-13.025020599365234,1.5406111478805542
vid_000365_frame0000039.jpg,vid_000365,0,0.3617504240180602,-7.375253677368164,2.435743808746338
vid_000042_frame0000016.jpg,vid_000042,0,0.3616649354679225,-11.258868217468262,2.1337838172912598
vid_000364_frame0000031.jpg,vid_000364,0,0.361658431337782,-11.997897148132324,1.4549058675765991
vid_000361_frame0000037.jpg,vid_000361,0,0.36164501224060797,-11.406692504882812,1.5413562059402466
vid_000098_frame0000015.jpg,vid_000098,0,0.36160889462419915,-13.059871673583984,1.413475513458252
vid_000021_frame0000027.jpg,vid_000021,0,0.3615768651867351,-11.774971961975098,-1.1923155784606934
vid_000047_frame0000012.jpg,vid_000047,0,0.36152998747172704,-10.972702980041504,-0.8707716464996338
vid_000364_frame0000020.jpg,vid_000364,0,0.3615064412227595,-12.832762718200684,1.7463080883026123
vid_000047_frame0000017.jpg,vid_000047,0,0.3614553232373668,-10.30510425567627,0.07513335347175598
vid_000047_frame0000007.jpg,vid_000047,0,0.361439526496851,-11.1904935836792,0.47166579961776733
vid_000342_frame0000227.jpg,vid_000342,0,0.3613585444637874,-12.778214454650879,0.1528838574886322
vid_000048_frame0000019.jpg,vid_000048,0,0.36110045795526347,-11.900849342346191,0.5500756502151489
vid_000050_frame0000011.jpg,vid_000050,0,0.36107916724587485,-9.370209693908691,-1.7330632209777832
vid_000042_frame0000012.jpg,vid_000042,0,0.36104978787535,-11.888888359069824,1.4808599948883057
vid_000041_frame0000020.jpg,vid_000041,0,0.36100348528739895,-11.039708137512207,-0.3059738278388977
vid_000048_frame0000017.jpg,vid_000048,0,0.36099452498703793,-11.695330619812012,-0.46231862902641296
vid_000003_frame0000017.jpg,vid_000003,0,0.3609825159999821,-11.602588653564453,-0.3331506550312042
vid_000026_frame0000015.jpg,vid_000026,0,0.36091222655539423,-11.048705101013184,-3.0503299236297607
vid_000046_frame0000015.jpg,vid_000046,0,0.36090788540871727,-13.216148376464844,0.10372179746627808
vid_000365_frame0000032.jpg,vid_000365,0,0.36090597166140176,-7.826278209686279,0.6825430393218994
vid_000042_frame0000004.jpg,vid_000042,0,0.3608698409239844,-10.069896697998047,2.251255512237549
vid_000343_frame0000007.jpg,vid_000343,0,0.36083930451504287,-8.146900177001953,-0.19302071630954742
vid_000049_frame0000012.jpg,vid_000049,0,0.3608214627438977,-11.67241096496582,0.7399091720581055
vid_000048_frame0000005.jpg,vid_000048,0,0.36074326585322586,-12.707890510559082,-0.40001291036605835
vid_000098_frame0000013.jpg,vid_000098,0,0.36070991336152963,-12.390515327453613,1.669328212738037
vid_000041_frame0000017.jpg,vid_000041,0,0.36067122836747983,-10.882927894592285,-0.8548703789710999
vid_000048_frame0000010.jpg,vid_000048,0,0.3606180170288307,-12.300328254699707,0.2675362825393677
vid_000023_frame0000012.jpg,vid_000023,0,0.36056615704956896,-11.653820037841797,-0.7900227904319763
vid_000043_frame0000012.jpg,vid_000043,0,0.36054400612987486,-10.225131034851074,1.6885058879852295
vid_000042_frame0000005.jpg,vid_000042,0,0.3604909776333562,-10.07607364654541,0.6261943578720093
vid_000361_frame0000017.jpg,vid_000361,0,0.3603347286215998,-9.820089340209961,1.0696415901184082
vid_000048_frame0000025.jpg,vid_000048,0,0.36025232588739936,-10.806619644165039,0.4689793288707733
vid_000002_frame0000017.jpg,vid_000002,0,0.3602310622693178,-11.897601127624512,1.2411284446716309
vid_000046_frame0000003.jpg,vid_000046,0,0.36004315484488386,-12.06663990020752,0.5485900640487671
vid_000048_frame0000020.jpg,vid_000048,0,0.35996579381705635,-11.676005363464355,0.162163645029068
vid_000047_frame0000002.jpg,vid_000047,0,0.35994452187466613,-11.150680541992188,0.7484514713287354
vid_000342_frame0000270.jpg,vid_000342,0,0.35981591343760666,-11.177445411682129,0.5312307476997375
vid_000042_frame0000008.jpg,vid_000042,0,0.35978973764410366,-12.828680992126465,1.111464023590088
vid_000048_frame0000022.jpg,vid_000048,0,0.3597254257662805,-12.169754981994629,0.18615442514419556
vid_000002_frame0000018.jpg,vid_000002,0,0.3596769210154171,-10.309385299682617,1.369534969329834
vid_000026_frame0000005.jpg,vid_000026,0,0.35944091848085996,-13.019124031066895,1.7749675512313843
vid_000098_frame0000011.jpg,vid_000098,0,0.35924490861440644,-9.48093318939209,1.2761608362197876
vid_000027_frame0000070.jpg,vid_000027,0,0.35918404384806285,-13.282952308654785,-0.13686025142669678
vid_000026_frame0000004.jpg,vid_000026,0,0.3589789211298083,-11.83251667022705,2.012360095977783
vid_000021_frame0000007.jpg,vid_000021,0,0.35895879234800415,-13.904696464538574,1.0291873216629028
vid_000098_frame0000021.jpg,vid_000098,0,0.35891963559773654,-13.143213272094727,1.406596302986145
vid_000365_frame0000040.jpg,vid_000365,0,0.3588313104863014,-10.633612632751465,1.2990397214889526
vid_000042_frame0000014.jpg,vid_000042,0,0.3586364331289141,-11.785248756408691,0.9115685224533081
vid_000043_frame0000009.jpg,vid_000043,0,0.358595068607238,-11.694894790649414,1.4216465950012207
vid_000041_frame0000009.jpg,vid_000041,0,0.35842807600971044,-14.025023460388184,-1.8502963781356812
vid_000026_frame0000006.jpg,vid_000026,0,0.35832852041641783,-11.265061378479004,2.2229464054107666
vid_000046_frame0000014.jpg,vid_000046,0,0.3582990626805803,-13.013594627380371,0.2607753276824951
vid_000023_frame0000017.jpg,vid_000023,0,0.3581993870601641,-11.291838645935059,-0.5239676833152771
vid_000002_frame0000020.jpg,vid_000002,0,0.3581791005511068,-10.091622352600098,2.1746320724487305
vid_000041_frame0000008.jpg,vid_000041,0,0.3581485477619955,-12.806997299194336,0.22504906356334686
vid_000002_frame0000014.jpg,vid_000002,0,0.35798294550915444,-9.666489601135254,1.6773163080215454
vid_000021_frame0000015.jpg,vid_000021,0,0.35793628780591585,-12.727346420288086,-0.1817610114812851
vid_000003_frame0000008.jpg,vid_000003,0,0.35791105210375845,-12.00351619720459,0.07055851817131042
vid_000042_frame0000013.jpg,vid_000042,0,0.3578291045388013,-11.457958221435547,0.17326968908309937
vid_000042_frame0000019.jpg,vid_000042,0,0.3577703288410604,-12.130391120910645,0.014232947491109371
vid_000045_frame0000007.jpg,vid_000045,0,0.3576135983023636,-9.90598201751709,0.9994051456451416
vid_000042_frame0000017.jpg,vid_000042,0,0.3574799528281538,-11.668782234191895,1.8013088703155518
vid_000022_frame0000013.jpg,vid_000022,0,0.35744598139370065,-13.148282051086426,-0.8338685631752014
vid_000368_frame0000047.jpg,vid_000368,0,0.35737953061525607,-10.900299072265625,0.11610590666532516
vid_000021_frame0000020.jpg,vid_000021,0,0.3572496609041851,-12.540611267089844,0.254162073135376
vid_000026_frame0000007.jpg,vid_000026,0,0.3572422960151247,-12.451635360717773,2.138481855392456
vid_000021_frame0000017.jpg,vid_000021,0,0.35718743953934967,-12.825321197509766,-0.3060189187526703
vid_000002_frame0000013.jpg,vid_000002,0,0.35715491914151576,-10.6554594039917,0.5766382217407227
vid_000038_frame0000023.jpg,vid_000038,0,0.35712205360602445,-12.705591201782227,-0.37073343992233276
vid_000026_frame0000008.jpg,vid_000026,0,0.35710259199517497,-13.18804931640625,0.9066637754440308
vid_000364_frame0000111.jpg,vid_000364,0,0.35698179743852987,-12.592029571533203,0.45696523785591125
vid_000042_frame0000007.jpg,vid_000042,0,0.35697058580971025,-12.368572235107422,-0.0015530388336628675
vid_000098_frame0000012.jpg,vid_000098,0,0.3569265719281344,-12.052313804626465,1.7052900791168213
vid_000038_frame0000018.jpg,vid_000038,0,0.35689893030024467,-13.044782638549805,-1.1795107126235962
vid_000004_frame0000010.jpg,vid_000004,0,0.3568805939543187,-11.704983711242676,1.288394570350647
vid_000020_frame0000004.jpg,vid_000020,0,0.3568261354493208,-12.113408088684082,1.5021030902862549
vid_000042_frame0000002.jpg,vid_000042,0,0.35662112560935033,-11.425176620483398,0.7057831287384033
vid_000042_frame0000003.jpg,vid_000042,0,0.3566137803849754,-10.258101463317871,0.5009478330612183
vid_000048_frame0000026.jpg,vid_000048,0,0.35660887569162275,-11.488968849182129,-0.13442066311836243
vid_000038_frame0000021.jpg,vid_000038,0,0.3564428213004498,-12.217782020568848,-0.04419797286391258
vid_000021_frame0000016.jpg,vid_000021,0,0.3564165208054553,-12.741645812988281,0.33171144127845764
vid_000003_frame0000019.jpg,vid_000003,0,0.3562916862503685,-11.381467819213867,0.457736611366272
vid_000043_frame0000010.jpg,vid_000043,0,0.3562082958753024,-10.519935607910156,2.381047010421753
vid_000022_frame0000030.jpg,vid_000022,0,0.3561657795607933,-11.820414543151855,1.8394122123718262
vid_000025_frame0000018.jpg,vid_000025,0,0.3558353526556736,-9.526535034179688,1.825608730316162
vid_000364_frame0000106.jpg,vid_000364,0,0.35574802671757433,-12.1333589553833,1.216707706451416
vid_000041_frame0000011.jpg,vid_000041,0,0.3554025671572359,-12.870458602905273,-0.9789032936096191
vid_000023_frame0000018.jpg,vid_000023,0,0.3551450704526831,-11.110387802124023,-0.2423943281173706
vid_000098_frame0000010.jpg,vid_000098,0,0.35470702720015895,-10.457295417785645,1.4342719316482544
vid_000022_frame0000029.jpg,vid_000022,0,0.3539182350113114,-11.423603057861328,0.6091655492782593
vid_000042_frame0000001.jpg,vid_000042,0,0.3507009966989461,-11.319090843200684,0.24076536297798157
